#{"t_start": 1544870031.336595, "env_id": "FrozenLake8x8-v0"}
r,l,t
0.0,18,1.237276
0.0,31,1.263038
0.0,25,1.282229
0.0,16,1.296498
0.0,30,1.338818
0.0,14,1.358801
0.0,40,1.401403
0.0,5,1.406533
0.0,21,1.425673
0.0,48,1.468619
0.0,20,1.491126
0.0,9,1.50088
0.0,69,1.557363
0.0,28,1.580014
0.0,16,1.592188
0.0,48,1.628
0.0,16,1.641484
0.0,26,1.662157
0.0,12,1.674879
0.0,33,1.696134
0.0,25,1.714541
0.0,9,1.721207
0.0,12,1.731374
0.0,5,1.736353
0.0,33,1.761639
0.0,10,1.770838
0.0,13,1.794275
0.0,41,1.853179
0.0,22,1.879151
0.0,39,1.918102
0.0,13,1.928617
0.0,17,1.94206
0.0,9,1.949012
0.0,22,1.968489
0.0,23,1.984542
0.0,34,2.011822
0.0,30,2.035221
0.0,16,2.048621
0.0,18,2.063344
0.0,8,2.074149
0.0,10,2.081415
0.0,89,2.408659
0.0,28,2.50115
0.0,46,2.633659
0.0,23,2.696433
0.0,35,2.796713
0.0,30,2.876126
0.0,75,3.107584
0.0,36,3.21034
0.0,61,3.388835
0.0,67,3.597689
0.0,37,3.705453
0.0,10,3.732115
0.0,46,3.871582
0.0,27,3.948637
0.0,12,3.983183
0.0,59,4.166595
0.0,15,4.209477
0.0,46,4.358622
0.0,52,4.523346
0.0,32,4.612158
0.0,24,4.685663
0.0,27,4.760249
0.0,8,4.784945
0.0,13,4.825628
0.0,21,4.884161
0.0,42,5.010116
0.0,41,5.120997
0.0,7,5.138969
0.0,23,5.202422
0.0,134,5.712039
0.0,8,5.738613
0.0,7,5.759663
0.0,22,5.819431
0.0,67,5.999134
0.0,40,6.111419
0.0,81,6.330197
0.0,8,6.351018
0.0,47,6.482111
0.0,54,6.6389
0.0,12,6.69652
0.0,47,6.870015
0.0,163,7.318774
0.0,27,7.393755
0.0,22,7.450498
0.0,33,7.587284
0.0,17,7.661502
0.0,24,7.740477
0.0,10,7.76503
0.0,108,8.054844
0.0,56,8.212412
0.0,27,8.286384
0.0,13,8.325989
0.0,122,8.648565
0.0,15,8.692672
0.0,14,8.735784
0.0,90,9.100718
0.0,18,9.172711
0.0,18,9.261589
0.0,98,9.697476
0.0,10,9.735647
0.0,36,9.87517
0.0,42,10.022657
0.0,67,10.213342
0.0,100,10.482214
0.0,37,10.575053
0.0,108,10.927453
0.0,42,11.041231
0.0,40,11.15022
0.0,48,11.28919
0.0,129,11.631053
0.0,56,11.776873
0.0,138,12.15322
0.0,52,12.301449
0.0,102,12.587111
0.0,27,12.654454
0.0,60,12.814856
0.0,6,12.829836
0.0,32,12.916198
0.0,37,13.0208
0.0,34,13.118001
0.0,39,13.222173
0.0,105,13.562362
0.0,27,13.634046
0.0,47,13.766437
0.0,24,13.828852
0.0,8,13.850055
0.0,14,13.884454
0.0,54,14.033543
0.0,15,14.080466
0.0,120,14.424902
0.0,141,14.823487
0.0,44,14.963912
0.0,21,15.028615
0.0,103,15.347799
0.0,34,15.444901
0.0,51,15.609867
0.0,37,15.767626
0.0,31,15.879263
0.0,181,16.398537
0.0,115,16.785249
0.0,59,16.969841
0.0,80,17.254128
0.0,68,17.441671
0.0,26,17.507656
0.0,9,17.537246
0.0,82,17.766157
0.0,34,17.856158
0.0,53,18.000453
0.0,18,18.055267
0.0,54,18.206936
0.0,14,18.257421
0.0,21,18.317767
0.0,131,18.781372
0.0,44,18.902778
0.0,10,18.927073
0.0,35,19.05792
0.0,144,19.51538
0.0,31,19.605437
0.0,118,19.937164
0.0,72,20.203124
0.0,44,20.383739
0.0,119,20.811702
0.0,62,21.102667
0.0,81,21.452772
0.0,36,21.584212
0.0,65,21.819685
0.0,29,21.90983
0.0,51,22.083139
0.0,73,22.337341
0.0,102,22.649703
0.0,37,22.749218
0.0,24,22.817101
0.0,47,22.994653
0.0,43,23.158407
0.0,21,23.217942
0.0,116,23.61551
0.0,110,23.915586
0.0,15,23.958852
0.0,25,24.030183
0.0,60,24.196825
0.0,18,24.248453
0.0,97,24.541415
0.0,86,24.847634
0.0,162,25.333389
0.0,100,25.614671
0.0,39,25.718826
0.0,200,26.291512
0.0,162,26.730875
0.0,44,26.852466
0.0,92,27.105496
0.0,11,27.137401
0.0,200,27.707916
0.0,84,27.931535
0.0,52,28.081769
0.0,26,28.155251
0.0,81,28.374135
0.0,43,28.49524
0.0,61,28.677672
0.0,200,29.220089
0.0,64,29.399735
0.0,200,29.953906
0.0,106,30.249521
0.0,200,30.843108
0.0,129,31.191944
0.0,70,31.390368
0.0,114,31.727247
0.0,200,32.312897
0.0,44,32.444136
0.0,110,32.767128
0.0,137,33.156219
0.0,150,33.570381
0.0,71,33.765809
0.0,200,34.413115
0.0,200,34.97509
0.0,94,35.228286
0.0,108,35.5587
0.0,125,35.95442
0.0,188,36.52802
0.0,200,37.094154
0.0,200,37.747253
0.0,56,37.906891
0.0,37,38.004213
0.0,28,38.085267
0.0,200,38.655111
0.0,166,39.115809
0.0,83,39.351971
0.0,63,39.555865
0.0,23,39.616199
0.0,200,40.177241
0.0,200,40.761008
0.0,200,41.313638
0.0,200,41.875958
0.0,200,42.417817
0.0,200,42.963606
0.0,200,43.527556
0.0,40,43.62842
0.0,200,44.151352
0.0,194,44.69715
0.0,64,44.867053
0.0,154,45.298865
0.0,75,45.52331
0.0,200,46.071079
0.0,200,46.609891
0.0,128,46.948288
0.0,65,47.126922
0.0,29,47.206112
0.0,133,47.580666
0.0,71,47.770379
0.0,76,47.97418
0.0,171,48.452666
0.0,97,48.714772
0.0,92,48.961976
0.0,200,49.518427
0.0,45,49.640304
0.0,26,49.714169
0.0,76,49.920918
0.0,78,50.142654
0.0,38,50.248445
0.0,39,50.354394
0.0,200,50.900883
0.0,92,51.160591
0.0,117,51.492265
0.0,65,51.676353
0.0,167,52.142142
0.0,22,52.201714
0.0,200,52.76407
0.0,31,52.846933
0.0,31,52.9296
0.0,111,53.224946
0.0,58,53.376522
0.0,73,53.574595
0.0,200,54.119293
0.0,200,54.683083
0.0,111,54.98629
0.0,113,55.286824
0.0,49,55.425181
0.0,56,55.579053
0.0,200,56.111108
0.0,200,56.661939
0.0,55,56.815281
0.0,200,57.354922
0.0,12,57.385358
0.0,30,57.465863
0.0,139,57.85848
0.0,18,57.90539
0.0,22,57.965995
0.0,200,58.573929
0.0,49,58.713936
0.0,200,59.257597
0.0,200,59.822232
0.0,96,60.080092
0.0,200,60.62465
0.0,200,61.16438
0.0,35,61.251469
0.0,121,61.586828
0.0,200,62.144608
0.0,200,62.683089
0.0,200,63.23123
0.0,200,63.779113
0.0,152,64.186887
0.0,116,64.526369
0.0,119,64.860326
0.0,128,65.205058
0.0,63,65.374931
0.0,102,65.651647
0.0,200,66.196174
0.0,200,66.738338
0.0,9,66.762434
0.0,125,67.10506
0.0,200,67.63554
0.0,82,67.853848
0.0,163,68.297217
0.0,21,68.351614
0.0,148,68.77864
0.0,200,69.329205
0.0,200,69.889171
0.0,200,70.426326
0.0,37,70.535107
0.0,112,70.835618
0.0,200,71.395765
0.0,200,71.930399
0.0,166,72.390728
0.0,200,72.932362
0.0,200,73.468259
0.0,200,74.012154
0.0,128,74.375009
0.0,200,74.946518
0.0,200,75.484616
0.0,90,75.735184
0.0,16,75.780476
0.0,68,75.975965
0.0,200,76.518161
0.0,200,77.075597
0.0,17,77.118497
0.0,200,77.687555
0.0,129,78.04057
0.0,169,78.502356
0.0,187,79.003484
0.0,200,79.542115
0.0,162,79.977924
0.0,200,80.522417
0.0,200,81.063563
0.0,200,81.619468
0.0,200,82.1662
0.0,200,82.714463
0.0,15,82.754635
0.0,60,82.918598
0.0,96,83.172924
0.0,200,83.717864
0.0,134,84.068958
0.0,200,84.629544
0.0,160,85.071638
0.0,48,85.199176
0.0,200,85.742365
0.0,108,86.033064
0.0,200,86.556625
0.0,200,87.098909
0.0,65,87.274827
0.0,200,87.843707
0.0,200,88.382703
0.0,200,88.927803
0.0,29,89.006815
0.0,200,89.555806
0.0,116,89.880443
0.0,200,90.442003
0.0,33,90.532403
0.0,9,90.555492
0.0,200,91.107316
0.0,41,91.217089
0.0,12,91.250514
0.0,28,91.324819
0.0,42,91.442587
0.0,200,91.985683
0.0,200,92.535335
0.0,200,93.08778
0.0,200,93.655066
0.0,200,94.186726
0.0,200,94.754073
0.0,31,94.837177
0.0,131,95.189852
0.0,165,95.655102
0.0,200,96.203581
0.0,104,96.478151
0.0,200,97.004982
0.0,200,97.559549
0.0,124,97.914934
0.0,47,98.042719
0.0,200,98.564086
0.0,59,98.734033
0.0,200,99.276906
0.0,23,99.341841
0.0,200,99.906547
0.0,71,100.097054
0.0,19,100.148631
0.0,200,100.695
0.0,147,101.105371
0.0,105,101.393285
0.0,183,101.912914
0.0,111,102.208531
0.0,87,102.442506
0.0,28,102.51799
0.0,141,102.901167
1.0,75,103.104065
0.0,200,103.632084
0.0,14,103.668467
0.0,200,104.201001
0.0,80,104.4105
0.0,120,104.765774
0.0,63,104.936938
0.0,143,105.322514
0.0,37,105.426436
0.0,172,105.91197
0.0,41,106.022671
0.0,200,106.559942
0.0,117,106.885558
0.0,148,107.283845
0.0,137,107.680072
0.0,190,108.195246
0.0,200,108.740521
0.0,14,108.776636
0.0,74,108.990704
0.0,78,109.234857
1.0,49,109.370287
0.0,200,109.922666
0.0,146,110.321241
1.0,78,110.531944
0.0,22,110.589913
0.0,26,110.663286
0.0,36,110.764
0.0,45,110.886501
0.0,196,111.459855
0.0,19,111.518522
0.0,67,111.699449
0.0,114,112.007486
0.0,184,112.511571
0.0,7,112.53216
0.0,19,112.587503
0.0,200,113.123689
0.0,39,113.219857
0.0,200,113.743092
0.0,141,114.09816
0.0,19,114.143021
0.0,112,114.444743
0.0,184,114.963192
0.0,98,115.211052
0.0,57,115.356304
0.0,137,115.735902
0.0,14,115.777711
0.0,200,116.291839
0.0,200,116.848352
0.0,15,116.886511
0.0,106,117.176616
0.0,24,117.24021
0.0,200,117.829434
0.0,26,117.90098
0.0,200,118.442382
0.0,66,118.620466
0.0,190,119.236013
0.0,23,119.297212
0.0,44,119.425382
0.0,16,119.4737
0.0,12,119.505784
0.0,72,119.69837
0.0,155,120.119721
0.0,20,120.183129
0.0,65,120.35587
0.0,111,120.665283
0.0,125,121.018494
0.0,9,121.04529
0.0,50,121.177048
0.0,36,121.272038
0.0,18,121.319737
0.0,17,121.367034
0.0,22,121.431379
0.0,102,121.7018
0.0,44,121.82658
0.0,200,122.368253
0.0,18,122.425337
0.0,155,122.865318
0.0,200,123.402052
0.0,41,123.534777
0.0,155,123.965395
0.0,42,124.081914
0.0,20,124.141181
0.0,47,124.265203
0.0,163,124.729308
0.0,59,124.896457
0.0,186,125.412215
0.0,170,125.889231
0.0,152,126.299143
0.0,73,126.496648
0.0,200,127.033758
1.0,58,127.190548
0.0,32,127.279012
0.0,200,127.844017
0.0,103,128.126741
0.0,200,128.677994
0.0,5,128.696662
0.0,9,128.720026
0.0,45,128.847663
0.0,46,128.969516
0.0,200,129.526973
0.0,152,129.931273
0.0,18,129.980475
0.0,125,130.306324
0.0,63,130.477458
0.0,41,130.596326
0.0,27,130.669563
0.0,31,130.757196
0.0,18,130.80213
0.0,18,130.857897
0.0,93,131.117728
0.0,10,131.145725
0.0,104,131.427804
0.0,53,131.582479
0.0,200,132.12639
0.0,42,132.236767
0.0,161,132.675147
0.0,200,133.231681
0.0,116,133.543709
0.0,102,133.827376
0.0,15,133.869445
0.0,38,133.975458
0.0,44,134.098247
0.0,95,134.36346
0.0,200,134.94145
0.0,31,135.021699
0.0,129,135.370801
0.0,78,135.59177
0.0,35,135.697726
0.0,34,135.78743
1.0,104,136.081731
0.0,9,136.107466
0.0,48,136.236329
0.0,83,136.457271
0.0,177,136.944962
0.0,86,137.182627
0.0,76,137.381613
0.0,19,137.434288
0.0,80,137.656213
0.0,62,137.840251
0.0,63,138.012404
0.0,140,138.382113
0.0,27,138.452969
0.0,87,138.696292
0.0,13,138.729681
0.0,17,138.776256
0.0,40,138.889685
0.0,29,138.969457
0.0,122,139.301754
0.0,36,139.410151
0.0,142,139.810706
0.0,48,139.943109
0.0,200,140.487969
0.0,88,140.730586
0.0,13,140.765656
0.0,87,141.0033
0.0,200,141.550198
0.0,17,141.600471
1.0,76,141.81513
0.0,33,141.911463
0.0,119,142.23651
0.0,113,142.535995
0.0,39,142.643425
0.0,26,142.715974
0.0,8,142.736432
0.0,12,142.772339
0.0,75,142.985567
0.0,10,143.014081
0.0,19,143.065753
0.0,37,143.16703
0.0,81,143.383468
1.0,153,143.805014
0.0,200,144.354871
0.0,18,144.403098
0.0,36,144.512147
0.0,123,144.86053
0.0,31,144.950973
0.0,45,145.064306
0.0,63,145.238946
0.0,105,145.52401
0.0,28,145.602837
0.0,46,145.731714
0.0,63,145.90337
0.0,57,146.050941
0.0,95,146.325117
0.0,14,146.363791
0.0,7,146.383266
0.0,77,146.600413
1.0,24,146.671675
0.0,35,146.77312
0.0,32,146.858474
0.0,61,147.018009
1.0,27,147.087888
0.0,72,147.279687
0.0,18,147.332351
0.0,93,147.597781
0.0,44,147.730152
0.0,18,147.778116
0.0,49,147.910276
0.0,33,147.998378
0.0,28,148.074322
0.0,32,148.159438
0.0,31,148.242434
0.0,11,148.270831
0.0,11,148.302095
1.0,114,148.610729
0.0,61,148.769109
0.0,15,148.81126
0.0,26,148.877272
0.0,54,149.01877
0.0,17,149.063228
0.0,9,149.08445
0.0,159,149.505069
0.0,33,149.598531
0.0,17,149.642519
0.0,5,149.655376
0.0,39,149.768684
0.0,62,149.930659
0.0,30,150.012703
0.0,130,150.364661
0.0,29,150.439944
1.0,31,150.529226
0.0,160,150.96405
0.0,15,151.006428
0.0,8,151.026522
0.0,46,151.147374
0.0,11,151.177945
0.0,11,151.209154
0.0,44,151.331227
0.0,78,151.537667
0.0,151,151.959979
0.0,34,152.048559
0.0,13,152.083664
0.0,18,152.130065
0.0,52,152.276583
0.0,49,152.412157
0.0,83,152.63478
1.0,79,152.851853
0.0,59,153.016879
0.0,36,153.115371
0.0,57,153.268109
0.0,48,153.400063
0.0,46,153.529232
0.0,21,153.59121
0.0,116,153.911908
0.0,21,153.97122
0.0,43,154.087991
0.0,82,154.300015
0.0,10,154.324953
0.0,25,154.388856
0.0,26,154.458909
0.0,29,154.550878
0.0,39,154.66325
0.0,124,155.010386
0.0,40,155.119816
0.0,37,155.221984
0.0,29,155.298581
0.0,61,155.460389
0.0,82,155.681336
0.0,76,155.897433
0.0,114,156.206447
0.0,74,156.401594
0.0,56,156.549763
0.0,60,156.711197
0.0,15,156.755497
0.0,39,156.860161
0.0,50,156.994969
0.0,48,157.128255
0.0,105,157.41735
0.0,14,157.457092
0.0,30,157.539479
0.0,17,157.590206
0.0,55,157.751608
0.0,23,157.816739
0.0,49,157.961733
0.0,61,158.129947
0.0,60,158.287194
0.0,124,158.632681
0.0,105,158.930003
0.0,7,158.949392
0.0,77,159.154017
0.0,21,159.209132
0.0,53,159.358873
1.0,61,159.523059
0.0,7,159.541538
0.0,18,159.586931
0.0,34,159.682317
0.0,28,159.758909
0.0,100,160.040262
0.0,55,160.19318
1.0,21,160.24762
1.0,65,160.420228
1.0,187,160.936004
0.0,72,161.133955
0.0,33,161.227456
0.0,5,161.239314
1.0,52,161.377572
0.0,12,161.407916
0.0,17,161.454381
0.0,11,161.481935
0.0,28,161.556573
0.0,8,161.576096
0.0,27,161.652444
0.0,20,161.708587
0.0,32,161.799987
0.0,31,161.8878
1.0,32,161.980994
0.0,30,162.062897
0.0,46,162.181911
0.0,53,162.316653
0.0,14,162.354609
1.0,114,162.661145
0.0,11,162.687964
0.0,114,163.008006
0.0,18,163.059103
0.0,7,163.078409
0.0,7,163.096998
0.0,37,163.201291
0.0,28,163.279743
0.0,36,163.381853
0.0,13,163.414222
0.0,104,163.697444
0.0,9,163.724206
0.0,17,163.775475
1.0,131,164.13851
0.0,86,164.369458
0.0,18,164.419921
0.0,27,164.502031
0.0,57,164.662982
0.0,11,164.696302
0.0,42,164.819779
0.0,32,164.913772
1.0,61,165.081407
1.0,47,165.21063
0.0,37,165.308578
0.0,49,165.441168
0.0,7,165.462203
0.0,9,165.486034
1.0,30,165.564952
0.0,21,165.623026
0.0,60,165.787105
0.0,14,165.82486
0.0,40,165.93737
0.0,11,165.967486
0.0,5,165.981807
0.0,124,166.321674
0.0,13,166.353054
1.0,76,166.557237
0.0,87,166.800151
0.0,26,166.873998
0.0,29,166.958685
0.0,24,167.018995
0.0,20,167.072344
0.0,140,167.428448
0.0,12,167.45802
0.0,19,167.511805
0.0,41,167.623855
0.0,32,167.711926
0.0,7,167.730243
0.0,106,168.037542
0.0,19,168.089729
1.0,67,168.270091
0.0,155,168.704456
0.0,86,168.942868
0.0,8,168.962791
0.0,18,169.011418
0.0,14,169.049366
0.0,9,169.074852
0.0,29,169.150628
0.0,6,169.168924
0.0,16,169.209482
0.0,10,169.238228
0.0,12,169.270969
0.0,5,169.28394
0.0,25,169.353103
0.0,136,169.720428
0.0,55,169.874446
0.0,14,169.914506
0.0,63,170.087596
1.0,42,170.20267
0.0,20,170.266299
0.0,17,170.312512
0.0,9,170.335877
0.0,16,170.379071
0.0,42,170.490739
0.0,12,170.522326
0.0,33,170.607929
0.0,32,170.697246
0.0,61,170.859992
0.0,37,170.961329
0.0,63,171.132775
0.0,16,171.174259
1.0,57,171.325308
0.0,11,171.352391
0.0,32,171.439672
0.0,82,171.662835
0.0,5,171.67532
0.0,42,171.793123
0.0,7,171.812781
0.0,6,171.829324
0.0,53,171.981839
0.0,36,172.08341
0.0,63,172.250494
0.0,46,172.381488
0.0,7,172.400462
0.0,20,172.449444
0.0,57,172.606729
1.0,33,172.693817
0.0,13,172.734714
0.0,63,172.909643
0.0,16,172.958736
0.0,8,172.984739
0.0,53,173.128489
1.0,99,173.396434
0.0,9,173.420437
0.0,37,173.527462
0.0,26,173.596474
0.0,44,173.718477
0.0,51,173.856362
0.0,18,173.901333
0.0,16,173.944556
0.0,23,174.005341
0.0,72,174.196935
0.0,34,174.299718
0.0,10,174.326226
0.0,15,174.365534
1.0,36,174.458711
0.0,60,174.641559
0.0,56,174.79219
0.0,14,174.830401
1.0,27,174.905838
0.0,9,174.929966
0.0,12,174.961367
0.0,21,175.019832
0.0,67,175.207879
0.0,24,175.2709
0.0,80,175.489173
0.0,11,175.519569
0.0,79,175.748808
0.0,35,175.848935
0.0,12,175.88081
0.0,17,175.928111
0.0,27,176.004461
0.0,33,176.092705
0.0,80,176.310509
0.0,34,176.401107
0.0,17,176.447613
0.0,25,176.516749
0.0,84,176.751114
0.0,41,176.867484
1.0,28,176.952671
0.0,13,176.98483
0.0,20,177.039417
0.0,15,177.075992
0.0,15,177.117607
0.0,25,177.182871
0.0,32,177.272053
0.0,19,177.318077
0.0,7,177.334776
0.0,31,177.413387
0.0,14,177.4554
0.0,21,177.53487
0.0,68,177.732166
0.0,67,177.91664
0.0,7,177.938087
0.0,39,178.058216
0.0,26,178.132285
0.0,22,178.188611
0.0,94,178.438797
0.0,40,178.547901
0.0,45,178.67391
0.0,47,178.802984
0.0,16,178.854132
0.0,20,178.911675
0.0,23,178.969358
0.0,32,179.060749
0.0,18,179.107745
0.0,32,179.21532
0.0,45,179.337837
0.0,48,179.464289
0.0,15,179.508391
0.0,26,179.577666
1.0,105,179.871059
0.0,108,180.161952
1.0,39,180.265686
0.0,66,180.443985
0.0,40,180.553503
1.0,74,180.766684
0.0,44,180.885424
0.0,77,181.098883
0.0,75,181.302161
0.0,39,181.411897
0.0,30,181.493531
0.0,10,181.519901
0.0,58,181.676256
0.0,55,181.8217
0.0,33,181.913047
0.0,68,182.103799
0.0,9,182.133376
0.0,19,182.185867
1.0,63,182.358439
0.0,54,182.503696
0.0,22,182.562101
0.0,83,182.78584
0.0,49,182.917406
0.0,13,182.95245
1.0,33,183.039591
0.0,83,183.259887
0.0,21,183.316369
0.0,55,183.464293
0.0,106,183.753274
0.0,29,183.832952
1.0,31,183.92491
1.0,33,184.028657
0.0,27,184.107156
0.0,11,184.137479
0.0,25,184.202644
0.0,54,184.348958
0.0,16,184.396471
0.0,22,184.453996
1.0,73,184.664766
0.0,56,184.825112
0.0,23,184.892261
0.0,9,184.919107
1.0,66,185.113115
0.0,63,185.2905
0.0,200,185.849479
0.0,42,185.959013
0.0,77,186.171331
1.0,45,186.2997
0.0,32,186.384454
1.0,134,186.755107
0.0,53,186.897673
0.0,18,186.946328
0.0,30,187.029588
1.0,100,187.305332
0.0,26,187.375135
0.0,8,187.395245
0.0,18,187.45228
0.0,60,187.615297
1.0,126,187.968834
1.0,49,188.122102
1.0,39,188.22725
0.0,141,188.611311
1.0,68,188.79975
0.0,195,189.344761
0.0,16,189.386083
0.0,24,189.456726
0.0,80,189.691107
0.0,136,190.067858
1.0,63,190.237102
1.0,126,190.575876
1.0,34,190.666901
0.0,7,190.694545
0.0,5,190.709106
0.0,55,190.865359
0.0,101,191.140724
0.0,104,191.425318
1.0,133,191.809423
0.0,71,192.012902
0.0,70,192.20926
0.0,26,192.280416
1.0,62,192.4412
0.0,39,192.544491
0.0,31,192.62908
0.0,118,192.958461
0.0,55,193.106344
0.0,57,193.259986
1.0,48,193.392627
0.0,17,193.44378
1.0,63,193.609642
1.0,97,193.866034
0.0,77,194.070899
0.0,74,194.263657
0.0,182,194.75685
0.0,17,194.80812
0.0,75,195.00362
0.0,12,195.031657
0.0,24,195.095084
1.0,174,195.568385
0.0,57,195.742227
0.0,46,195.868522
0.0,7,195.888032
0.0,16,195.935006
0.0,25,196.004866
0.0,132,196.351487
0.0,67,196.52996
0.0,23,196.59269
0.0,10,196.618576
0.0,68,196.805365
0.0,26,196.881033
0.0,63,197.056379
0.0,29,197.134511
0.0,48,197.259927
0.0,41,197.368267
1.0,40,197.474243
0.0,7,197.492707
0.0,114,197.815031
0.0,45,197.938058
0.0,62,198.112375
0.0,27,198.188737
0.0,23,198.250057
0.0,13,198.284767
0.0,35,198.389252
1.0,52,198.540761
0.0,13,198.57434
0.0,71,198.775798
0.0,34,198.873549
0.0,22,198.934793
0.0,92,199.18051
0.0,18,199.227217
1.0,42,199.344639
0.0,41,199.452552
0.0,14,199.488861
1.0,85,199.729858
1.0,27,199.803698
0.0,94,200.06468
0.0,47,200.190124
0.0,29,200.266137
0.0,40,200.371592
0.0,27,200.443644
1.0,108,200.739765
0.0,28,200.818739
0.0,22,200.878007
0.0,45,201.002556
1.0,48,201.141603
0.0,120,201.476086
0.0,20,201.541394
1.0,47,201.663878
0.0,75,201.865744
0.0,46,201.999716
1.0,22,202.061035
0.0,11,202.094079
0.0,16,202.137403
0.0,102,202.414005
0.0,9,202.43796
1.0,47,202.564193
0.0,22,202.622784
0.0,21,202.682372
0.0,13,202.717243
0.0,11,202.745504
1.0,78,202.958439
1.0,100,203.229254
1.0,45,203.354081
0.0,50,203.497825
0.0,120,203.825606
0.0,57,203.986253
0.0,41,204.101216
1.0,83,204.322867
0.0,19,204.380332
1.0,101,204.660189
1.0,106,204.949359
1.0,48,205.07919
0.0,31,205.167408
1.0,64,205.337881
0.0,35,205.429634
1.0,68,205.613198
0.0,98,205.895371
0.0,23,205.963953
1.0,45,206.087138
0.0,34,206.181633
0.0,47,206.302405
0.0,21,206.364248
1.0,142,206.756979
0.0,38,206.856488
0.0,99,207.130299
1.0,136,207.52075
1.0,46,207.652232
1.0,44,207.785857
0.0,39,207.903115
0.0,65,208.078845
0.0,61,208.252785
0.0,51,208.399007
1.0,49,208.531615
1.0,62,208.705363
1.0,40,208.81548
0.0,51,208.952395
0.0,67,209.139348
0.0,37,209.239755
0.0,45,209.364484
1.0,117,209.685948
0.0,10,209.710494
0.0,28,209.792904
0.0,61,209.952344
0.0,52,210.106592
1.0,103,210.391904
1.0,108,210.682959
0.0,70,210.877366
0.0,15,210.91574
0.0,36,211.012544
1.0,58,211.179488
1.0,54,211.332173
0.0,22,211.39994
0.0,18,211.447511
1.0,52,211.593029
1.0,34,211.685838
1.0,114,211.994573
1.0,51,212.138122
1.0,39,212.242061
0.0,85,212.467601
1.0,104,212.74
0.0,15,212.784826
1.0,100,213.057138
0.0,41,213.168848
0.0,146,213.556185
0.0,86,213.790239
1.0,76,214.006175
1.0,131,214.35906
1.0,34,214.450205
0.0,32,214.551745
1.0,120,214.884759
1.0,126,215.235528
1.0,82,215.457736
1.0,151,215.859151
1.0,44,215.982476
1.0,80,216.209507
1.0,49,216.345932
1.0,98,216.610136
0.0,38,216.710285
0.0,56,216.880956
1.0,138,217.262664
1.0,54,217.414199
0.0,61,217.57682
0.0,24,217.648448
1.0,48,217.773345
0.0,19,217.830332
0.0,71,218.035941
1.0,99,218.303416
1.0,86,218.527033
1.0,73,218.714459
0.0,23,218.773722
0.0,12,218.804261
1.0,50,218.93938
1.0,100,219.208518
1.0,46,219.336941
1.0,76,219.546429
0.0,124,219.873367
0.0,19,219.933454
1.0,42,220.04589
1.0,118,220.368983
1.0,66,220.556257
1.0,48,220.690015
1.0,60,220.845062
1.0,167,221.316936
0.0,68,221.503181
0.0,16,221.543591
1.0,85,221.77016
0.0,15,221.812189
1.0,81,222.034814
0.0,75,222.244781
0.0,200,222.775633
1.0,97,223.043029
0.0,36,223.141339
0.0,28,223.219789
0.0,109,223.50067
0.0,153,223.908381
1.0,54,224.065661
0.0,38,224.165209
0.0,75,224.370028
1.0,105,224.671085
0.0,16,224.71265
1.0,29,224.789731
0.0,179,225.302935
1.0,73,225.504311
1.0,52,225.648689
0.0,31,225.729632
1.0,161,226.179624
1.0,143,226.566886
0.0,65,226.744153
0.0,64,226.916087
1.0,60,227.082872
0.0,14,227.122477
0.0,37,227.226477
0.0,39,227.331338
1.0,95,227.594652
1.0,80,227.82787
0.0,17,227.877999
1.0,44,227.998129
1.0,53,228.144342
1.0,63,228.314991
1.0,120,228.643231
1.0,42,228.758602
1.0,71,228.959074
0.0,23,229.02454
0.0,13,229.058699
1.0,149,229.461458
1.0,148,229.878379
1.0,68,230.063993
0.0,135,230.428717
0.0,200,230.976617
1.0,55,231.125664
0.0,12,231.160767
1.0,70,231.350568
1.0,80,231.570753
1.0,63,231.742083
1.0,141,232.128795
1.0,30,232.212417
0.0,47,232.34358
1.0,61,232.518559
1.0,53,232.662771
1.0,37,232.76784
1.0,100,233.04311
1.0,61,233.210832
0.0,200,233.750577
1.0,68,233.93494
1.0,52,234.073926
0.0,141,234.462233
1.0,46,234.603846
1.0,59,234.763028
0.0,20,234.815763
0.0,69,235.017173
1.0,64,235.201181
0.0,200,235.753706
1.0,42,235.860558
1.0,96,236.125107
0.0,22,236.18419
1.0,178,236.686872
1.0,69,236.8771
0.0,54,237.030272
1.0,75,237.235904
1.0,56,237.391974
0.0,61,237.579787
1.0,61,237.746553
0.0,61,237.910977
1.0,110,238.230022
0.0,68,238.415972
1.0,58,238.57638
0.0,81,238.798858
1.0,125,239.14765
0.0,47,239.300051
0.0,41,239.414251
1.0,65,239.585557
0.0,65,239.769664
0.0,173,240.251827
1.0,121,240.573938
1.0,25,240.643894
1.0,50,240.785245
0.0,20,240.839759
0.0,200,241.391481
0.0,13,241.424824
1.0,132,241.789031
1.0,81,242.009118
0.0,98,242.279815
1.0,161,242.718193
1.0,124,243.046513
1.0,45,243.169343
0.0,32,243.252386
0.0,200,243.79794
1.0,176,244.300748
1.0,58,244.458443
1.0,70,244.668411
1.0,43,244.787838
1.0,104,245.065379
1.0,67,245.240612
1.0,56,245.39684
0.0,71,245.581067
0.0,16,245.621636
1.0,57,245.768976
0.0,34,245.872067
0.0,33,245.965196
0.0,12,246.002136
1.0,83,246.232628
1.0,81,246.46294
1.0,132,246.82825
0.0,200,247.377272
0.0,200,247.940176
0.0,200,248.496426
0.0,38,248.593701
0.0,118,248.944032
1.0,184,249.453167
1.0,118,249.793591
1.0,93,250.033746
1.0,159,250.471014
1.0,99,250.738862
1.0,59,250.904078
0.0,34,251.000079
1.0,50,251.136709
1.0,112,251.448282
1.0,79,251.664748
0.0,29,251.742077
1.0,61,251.902747
1.0,56,252.050742
1.0,54,252.212284
0.0,73,252.417461
1.0,120,252.729099
1.0,78,252.946966
1.0,32,253.044018
1.0,138,253.426028
1.0,90,253.67443
1.0,40,253.786664
0.0,73,253.980992
0.0,160,254.420518
0.0,47,254.555571
0.0,21,254.612465
1.0,114,254.918188
1.0,195,255.454146
1.0,62,255.629387
1.0,90,255.876879
1.0,99,256.156291
0.0,69,256.336403
1.0,137,256.716213
1.0,44,256.835282
0.0,200,257.382774
1.0,37,257.485595
1.0,42,257.600707
0.0,30,257.686992
1.0,35,257.799639
1.0,198,258.345122
1.0,60,258.510427
1.0,151,258.923548
1.0,131,259.27919
1.0,56,259.428275
1.0,36,259.527163
1.0,61,259.697545
1.0,47,259.82811
1.0,78,260.043778
0.0,89,260.293228
1.0,173,260.772224
1.0,128,261.117502
1.0,176,261.609338
0.0,18,261.657989
1.0,65,261.83808
1.0,27,261.909034
1.0,24,261.975706
1.0,52,262.123808
0.0,200,262.688125
1.0,79,262.898766
0.0,42,263.017747
0.0,98,263.297152
0.0,49,263.435983
0.0,78,263.640232
1.0,54,263.788656
1.0,28,263.864314
1.0,43,263.984437
0.0,30,264.06601
1.0,38,264.165189
0.0,42,264.287107
0.0,36,264.386454
1.0,83,264.621596
0.0,82,264.846117
1.0,41,264.9522
0.0,133,265.310347
1.0,74,265.505576
1.0,87,265.745427
1.0,148,266.149473
1.0,103,266.443346
1.0,43,266.561926
1.0,186,267.079368
0.0,93,267.328913
1.0,44,267.447627
0.0,33,267.534535
1.0,74,267.742247
1.0,66,267.915345
1.0,47,268.039949
1.0,53,268.188716
1.0,50,268.3213
0.0,85,268.55213
0.0,79,268.761925
1.0,47,268.897642
1.0,194,269.428972
1.0,86,269.670859
0.0,96,269.934836
1.0,61,270.101754
1.0,71,270.301411
0.0,71,270.490437
0.0,45,270.59761
0.0,154,270.876175
0.0,19,270.910273
1.0,130,271.146943
1.0,100,271.329899
1.0,73,271.46236
0.0,63,271.577488
1.0,117,271.789411
1.0,55,271.887601
0.0,37,271.954179
1.0,102,272.138851
1.0,156,272.422645
1.0,80,272.570151
0.0,200,272.934783
1.0,38,273.005339
0.0,171,273.31735
1.0,109,273.522827
1.0,90,273.684258
0.0,59,273.791634
1.0,89,273.952803
1.0,31,274.008516
1.0,77,274.149115
1.0,56,274.252237
1.0,91,274.416665
1.0,153,274.713852
0.0,28,274.767472
0.0,190,275.111689
0.0,47,275.198495
1.0,73,275.330254
