#{"t_start": 1544913549.4213128, "env_id": "FrozenLake8x8-v0"}
r,l,t
0.0,27,1.299478
0.0,21,1.31593
0.0,45,1.335144
0.0,34,1.350818
0.0,23,1.363113
0.0,40,1.3839
0.0,8,1.388435
0.0,16,1.397293
0.0,17,1.406759
0.0,17,1.416045
0.0,9,1.420835
0.0,56,1.446496
0.0,54,1.473992
0.0,39,1.496207
0.0,12,1.503029
0.0,48,1.526041
0.0,15,1.533094
0.0,7,1.535959
1.0,45,1.55884
0.0,31,1.576544
0.0,11,1.582814
0.0,27,1.595553
0.0,9,1.599584
0.0,34,1.61504
0.0,39,1.633827
0.0,18,1.643404
0.0,8,1.647258
0.0,34,1.661189
0.0,38,1.680881
0.0,8,1.685424
0.0,26,1.699596
0.0,86,1.738971
0.0,22,1.748202
0.0,93,1.785046
0.0,21,2.326472
0.0,52,2.346689
0.0,42,2.363021
0.0,48,2.382208
0.0,26,2.394331
0.0,17,2.402475
0.0,19,2.411937
0.0,13,2.417398
0.0,8,2.420579
0.0,27,2.431099
0.0,20,2.439121
0.0,92,2.474902
0.0,52,2.498143
0.0,17,2.506706
0.0,41,2.524457
0.0,16,2.53142
0.0,50,2.552774
0.0,27,2.563982
0.0,17,2.570991
0.0,39,2.586346
0.0,47,2.604784
0.0,20,2.614696
0.0,44,2.632993
0.0,48,2.651791
0.0,22,2.660421
0.0,43,2.678268
0.0,27,2.691284
0.0,40,2.710693
0.0,15,2.718142
0.0,29,2.729453
0.0,35,2.743205
0.0,17,2.749871
0.0,10,2.859249
0.0,5,2.862019
0.0,22,2.873331
0.0,17,2.882023
0.0,77,2.916527
0.0,51,2.942963
0.0,49,2.966747
0.0,40,2.988351
0.0,64,3.015443
0.0,8,3.018691
0.0,91,3.054737
0.0,84,3.096378
0.0,13,3.102433
0.0,123,3.162122
0.0,20,3.170023
0.0,56,3.193447
0.0,77,3.225439
0.0,15,3.232493
0.0,11,3.239266
0.0,28,3.253922
0.0,18,3.261163
0.0,14,3.268838
0.0,19,3.277552
0.0,19,3.285932
0.0,14,3.293449
0.0,5,3.296315
0.0,7,3.299929
0.0,41,3.320847
0.0,12,3.325609
0.0,12,3.330234
0.0,90,3.468585
0.0,29,3.479633
0.0,50,3.499055
0.0,12,3.503711
0.0,10,3.508304
0.0,31,3.523273
0.0,15,3.53107
0.0,7,3.534926
0.0,47,3.55423
0.0,28,3.569025
0.0,20,3.579584
0.0,53,3.603539
0.0,18,3.610523
0.0,65,3.636507
0.0,28,3.64724
0.0,28,3.665234
0.0,26,3.679638
0.0,26,3.690108
0.0,48,3.708528
0.0,18,3.71565
0.0,24,3.724839
0.0,12,3.729475
0.0,44,3.74642
1.0,64,3.777019
0.0,35,3.791535
0.0,19,3.799891
0.0,19,3.807399
0.0,85,3.839873
0.0,43,3.85638
0.0,65,4.002068
0.0,53,4.022435
0.0,35,4.036527
0.0,34,4.050485
0.0,123,4.107088
0.0,16,4.113705
0.0,56,4.140636
0.0,47,4.163255
0.0,25,4.175875
0.0,14,4.186017
0.0,7,4.189861
0.0,27,4.204219
0.0,16,4.210825
0.0,10,4.214929
0.0,35,4.228481
0.0,48,4.247071
0.0,135,4.320961
0.0,18,4.330744
0.0,17,4.340796
0.0,75,4.378631
0.0,10,4.383528
0.0,27,4.396011
0.0,76,4.426449
0.0,20,4.436076
0.0,14,4.44307
0.0,64,4.587841
0.0,28,4.600996
0.0,12,4.606298
0.0,35,4.621935
0.0,40,4.638735
0.0,7,4.64167
0.0,10,4.64594
0.0,13,4.652044
0.0,11,4.656538
0.0,40,4.674128
0.0,48,4.699134
0.0,14,4.705118
0.0,47,4.72579
0.0,18,4.733988
0.0,51,4.755674
0.0,33,4.770439
0.0,18,4.77894
0.0,32,4.794558
0.0,32,4.811021
0.0,93,4.849338
0.0,32,4.862169
0.0,20,4.870111
0.0,19,4.87783
0.0,21,4.888178
0.0,21,4.898866
0.0,58,4.927829
0.0,13,4.933613
0.0,20,4.942124
0.0,24,4.95228
0.0,20,4.960598
0.0,12,4.965697
0.0,20,4.973906
0.0,39,4.990229
0.0,36,5.007227
0.0,50,5.031724
0.0,40,5.187945
0.0,33,5.205397
0.0,12,5.209951
0.0,113,5.291814
0.0,35,5.308209
0.0,14,5.314807
0.0,34,5.339972
0.0,29,5.353778
0.0,20,5.361955
0.0,21,5.370163
0.0,29,5.385935
0.0,25,5.395565
0.0,52,5.41601
0.0,28,5.436862
0.0,45,5.460288
0.0,58,5.492852
0.0,56,5.520394
0.0,16,5.527568
0.0,39,5.549624
0.0,53,5.574213
0.0,67,5.609295
0.0,50,5.629557
0.0,27,5.641698
0.0,27,5.655124
0.0,123,5.706919
0.0,87,5.848075
0.0,68,5.879379
0.0,11,5.8843
0.0,79,5.918103
0.0,20,5.928097
0.0,8,5.931466
0.0,31,5.944604
0.0,23,5.954177
0.0,26,5.964114
0.0,44,5.980937
0.0,10,5.98485
0.0,71,6.012487
0.0,54,6.034055
0.0,24,6.04336
0.0,88,6.08546
0.0,95,6.147681
0.0,24,6.159894
0.0,17,6.167573
0.0,20,6.177301
0.0,18,6.186486
0.0,13,6.19337
0.0,15,6.201262
0.0,17,6.210285
0.0,70,6.242789
0.0,68,6.270622
0.0,19,6.277939
0.0,34,6.395156
0.0,13,6.400584
0.0,12,6.405919
0.0,9,6.409921
0.0,29,6.422696
0.0,17,6.430216
0.0,34,6.44528
0.0,22,6.455739
0.0,52,6.477186
0.0,30,6.488812
0.0,18,6.495856
0.0,16,6.502138
0.0,34,6.515333
0.0,25,6.52502
0.0,20,6.532868
0.0,11,6.537187
0.0,58,6.564972
0.0,34,6.583141
0.0,23,6.595488
0.0,27,6.610222
0.0,19,6.620592
0.0,35,6.639938
0.0,30,6.653502
0.0,7,6.656281
0.0,67,6.684054
0.0,43,6.701104
0.0,6,6.70351
0.0,18,6.710541
0.0,19,6.718282
0.0,27,6.729977
0.0,11,6.734743
0.0,64,6.762892
0.0,32,6.777533
0.0,25,6.789532
0.0,17,6.797338
0.0,55,6.825625
0.0,12,6.831425
0.0,21,6.841773
0.0,9,6.957735
0.0,19,6.96823
0.0,29,6.982441
0.0,15,6.989526
0.0,12,6.994733
0.0,46,7.016323
0.0,23,7.029041
0.0,29,7.044819
0.0,7,7.047776
0.0,38,7.069539
0.0,69,7.12167
0.0,7,7.125697
0.0,55,7.160459
0.0,38,7.19204
0.0,21,7.225667
0.0,15,7.237555
0.0,39,7.269145
0.0,7,7.274769
0.0,29,7.29835
0.0,20,7.31758
0.0,9,7.324855
0.0,23,7.342236
0.0,19,7.357294
0.0,19,7.372319
0.0,19,7.383052
0.0,26,7.396343
0.0,19,7.405492
0.0,47,7.436445
0.0,23,7.4501
0.0,22,7.461988
0.0,12,7.46957
0.0,40,7.495105
0.0,47,7.523741
0.0,38,7.546265
0.0,58,7.58093
0.0,27,7.599191
0.0,42,7.630663
0.0,18,7.771552
0.0,46,7.802423
0.0,31,7.821758
0.0,32,7.847991
0.0,19,7.862898
0.0,89,7.918548
0.0,47,7.945526
0.0,56,7.980479
0.0,66,8.020643
0.0,20,8.033662
0.0,36,8.060471
0.0,42,8.087977
0.0,27,8.104224
0.0,30,8.124066
0.0,7,8.128944
0.0,90,8.189232
0.0,49,8.217135
0.0,31,8.234293
0.0,27,8.257004
0.0,27,8.275969
0.0,37,8.293689
0.0,7,8.2987
0.0,37,8.321143
0.0,20,8.33449
0.0,10,8.342167
0.0,22,8.365808
0.0,25,8.385547
0.0,32,8.407278
0.0,94,8.609719
0.0,32,8.629449
0.0,61,8.667199
0.0,63,8.702849
0.0,103,8.760152
0.0,33,8.782433
0.0,54,8.812886
0.0,31,8.826741
0.0,37,8.848112
0.0,28,8.866968
0.0,7,8.877506
0.0,62,8.91495
0.0,25,8.929651
0.0,60,8.966419
0.0,36,8.98793
0.0,13,8.993057
0.0,29,9.011579
0.0,52,9.045033
0.0,22,9.057268
0.0,16,9.069304
0.0,80,9.117394
0.0,58,9.150655
0.0,31,9.168963
0.0,36,9.192519
0.0,24,9.345701
0.0,96,9.410589
0.0,10,9.416741
0.0,29,9.432284
0.0,41,9.459304
0.0,28,9.473077
0.0,37,9.493795
0.0,100,9.543345
0.0,49,9.567426
0.0,28,9.581954
0.0,23,9.591501
0.0,20,9.600231
0.0,16,9.610717
0.0,30,9.624869
0.0,54,9.651849
0.0,12,9.660161
0.0,36,9.678064
0.0,17,9.689212
0.0,99,9.751374
0.0,27,9.766367
0.0,19,9.778522
0.0,29,9.795323
0.0,16,9.802615
0.0,15,9.808947
0.0,69,9.848201
0.0,23,9.860581
0.0,29,9.876864
0.0,53,9.910141
0.0,90,10.088072
0.0,65,10.124929
0.0,55,10.154442
0.0,19,10.162348
0.0,69,10.19141
0.0,50,10.217181
0.0,46,10.244608
0.0,16,10.25311
0.0,50,10.282108
0.0,22,10.29425
0.0,29,10.309577
0.0,42,10.334361
0.0,14,10.340446
0.0,19,10.350533
0.0,9,10.355339
0.0,20,10.368186
0.0,9,10.373465
0.0,17,10.382824
0.0,14,10.390624
0.0,91,10.441579
0.0,30,10.457795
0.0,43,10.480031
0.0,20,10.489752
0.0,21,10.498436
0.0,19,10.507275
0.0,75,10.550949
0.0,36,10.571222
0.0,19,10.58352
0.0,29,10.726249
0.0,20,10.73682
0.0,24,10.74867
0.0,56,10.781556
0.0,46,10.805793
0.0,39,10.829897
0.0,116,10.893681
0.0,22,10.905078
0.0,31,10.918851
0.0,5,10.921552
0.0,35,10.938952
0.0,18,10.948286
0.0,26,10.963053
0.0,25,10.976804
0.0,20,10.986824
0.0,16,10.995614
0.0,14,11.001547
0.0,11,11.006312
0.0,39,11.026059
0.0,40,11.04972
0.0,35,11.066585
0.0,13,11.079888
0.0,24,11.089894
0.0,32,11.10683
0.0,20,11.118076
0.0,14,11.126712
0.0,19,11.136124
0.0,16,11.143331
0.0,21,11.153893
0.0,29,11.16697
0.0,11,11.174701
0.0,35,11.193492
0.0,10,11.198551
0.0,73,11.237764
0.0,28,11.252932
0.0,21,11.262867
0.0,16,11.270659
0.0,17,11.423747
0.0,29,11.4405
0.0,41,11.460613
0.0,15,11.468809
0.0,15,11.475342
0.0,20,11.491553
0.0,58,11.517488
0.0,69,11.554469
0.0,59,11.583599
0.0,54,11.612679
0.0,35,11.631691
0.0,16,11.639915
0.0,90,11.697628
0.0,29,11.716013
0.0,14,11.72451
0.0,60,11.759643
0.0,18,11.770411
0.0,47,11.801482
0.0,73,11.843121
0.0,10,11.848338
0.0,13,11.855519
0.0,24,11.869385
0.0,36,11.891743
0.0,24,11.90705
0.0,29,11.921345
0.0,64,11.95493
0.0,13,11.962189
0.0,42,11.986207
0.0,22,12.13871
0.0,15,12.146393
0.0,40,12.16446
0.0,27,12.182094
0.0,68,12.220577
0.0,41,12.239669
0.0,21,12.249784
0.0,46,12.272912
0.0,35,12.290215
0.0,50,12.315361
0.0,13,12.323623
0.0,47,12.346931
0.0,14,12.354568
0.0,8,12.358673
0.0,17,12.366506
0.0,41,12.386653
0.0,14,12.394217
0.0,16,12.403217
0.0,14,12.412181
0.0,18,12.423025
0.0,29,12.437986
0.0,49,12.46032
0.0,59,12.488606
0.0,20,12.50063
0.0,42,12.526467
0.0,15,12.538476
0.0,45,12.562533
0.0,11,12.567752
0.0,27,12.580134
0.0,18,12.588638
0.0,14,12.595358
0.0,9,12.601152
0.0,8,12.604698
0.0,5,12.607421
0.0,21,12.616486
0.0,19,12.626076
0.0,24,12.63782
0.0,26,12.653345
0.0,15,12.661214
0.0,19,12.792529
0.0,54,12.81968
0.0,22,12.830467
0.0,20,12.845746
0.0,29,12.861866
0.0,61,12.890073
0.0,11,12.897326
0.0,28,12.911088
0.0,36,12.927783
0.0,25,12.941514
0.0,7,12.948844
0.0,30,12.966367
0.0,25,12.980113
0.0,45,13.002282
0.0,26,13.018857
0.0,51,13.043348
0.0,29,13.059575
0.0,33,13.078215
0.0,38,13.09963
0.0,40,13.122281
0.0,16,13.130972
0.0,60,13.189855
0.0,38,13.213186
0.0,50,13.243798
0.0,8,13.248751
0.0,13,13.265614
0.0,18,13.277063
0.0,46,13.304087
0.0,23,13.314864
0.0,14,13.321742
0.0,55,13.346299
0.0,96,13.523966
0.0,28,13.540053
0.0,12,13.54696
0.0,36,13.567251
0.0,33,13.598696
0.0,22,13.610042
0.0,40,13.631613
0.0,31,13.654413
0.0,70,13.694767
0.0,26,13.70681
0.0,77,13.746811
0.0,40,13.765498
0.0,41,13.787885
0.0,53,13.817927
0.0,18,13.828437
0.0,22,13.839771
0.0,20,13.851656
0.0,10,13.856514
0.0,23,13.868835
0.0,17,13.876875
0.0,16,13.886696
0.0,40,13.91385
0.0,16,13.92084
0.0,19,13.933268
0.0,7,13.936364
0.0,29,13.953449
0.0,8,13.958234
0.0,43,13.982106
0.0,38,14.011858
0.0,69,14.053978
0.0,64,14.088789
0.0,38,14.267142
0.0,13,14.276806
0.0,19,14.290981
0.0,34,14.308214
0.0,32,14.330621
0.0,15,14.339139
0.0,29,14.35708
0.0,6,14.360874
0.0,48,14.388971
0.0,112,14.465948
0.0,16,14.478102
0.0,12,14.486825
0.0,30,14.505993
0.0,7,14.51029
0.0,151,14.595039
0.0,24,14.607796
0.0,36,14.623599
0.0,43,14.643147
0.0,41,14.660842
0.0,12,14.665623
0.0,75,14.698963
0.0,54,14.721723
0.0,32,14.737081
0.0,7,14.740915
0.0,166,14.820378
0.0,42,14.973955
0.0,46,14.995319
0.0,33,15.01242
0.0,12,15.018828
0.0,31,15.045726
0.0,15,15.054928
0.0,7,15.058409
0.0,19,15.07159
0.0,25,15.091101
0.0,76,15.137074
0.0,42,15.165643
0.0,8,15.172488
0.0,15,15.181252
0.0,41,15.20471
0.0,19,15.21588
0.0,41,15.243481
0.0,11,15.250874
0.0,11,15.258043
0.0,76,15.330282
0.0,33,15.353198
0.0,8,15.360603
0.0,24,15.380762
0.0,19,15.395643
0.0,53,15.433844
0.0,28,15.45441
0.0,77,15.514449
0.0,50,15.543213
0.0,11,15.548294
0.0,10,15.552954
0.0,85,15.614122
0.0,14,15.623251
0.0,25,15.636864
0.0,42,15.804323
0.0,24,15.819059
0.0,20,15.832345
0.0,17,15.843703
0.0,26,15.861011
0.0,15,15.870661
0.0,63,15.914359
0.0,22,15.931724
0.0,42,15.959636
0.0,47,15.990415
0.0,12,15.99702
0.0,17,16.00602
0.0,81,16.054678
0.0,14,16.064854
0.0,13,16.072929
0.0,32,16.095015
0.0,24,16.110507
0.0,27,16.126276
0.0,34,16.146903
0.0,8,16.151986
0.0,27,16.165734
0.0,53,16.193272
0.0,19,16.202856
0.0,37,16.22423
0.0,14,16.234218
0.0,10,16.240391
0.0,17,16.250617
0.0,34,16.271793
0.0,20,16.283307
0.0,37,16.304149
0.0,19,16.315851
0.0,96,16.376907
0.0,15,16.384321
0.0,27,16.398724
0.0,56,16.557522
0.0,16,16.565112
0.0,30,16.582372
0.0,13,16.591215
0.0,12,16.598666
0.0,38,16.617562
0.0,27,16.633947
0.0,29,16.653133
0.0,59,16.691576
0.0,8,16.696797
0.0,23,16.712207
0.0,30,16.728912
0.0,11,16.735269
0.0,25,16.750606
0.0,53,16.787497
0.0,11,16.794155
0.0,58,16.83608
0.0,41,16.859444
0.0,28,16.873973
0.0,7,16.879208
0.0,9,16.886752
0.0,39,16.910259
0.0,19,16.921787
0.0,39,16.947551
0.0,42,16.973086
0.0,29,16.989676
0.0,36,17.013113
0.0,40,17.03826
0.0,27,17.053842
0.0,9,17.058806
0.0,15,17.068619
0.0,100,17.133687
0.0,100,17.33434
0.0,15,17.343824
0.0,48,17.371391
0.0,60,17.406462
0.0,27,17.422891
0.0,12,17.430051
0.0,36,17.451884
0.0,30,17.467022
0.0,22,17.478906
0.0,12,17.485137
0.0,24,17.502165
0.0,28,17.520023
0.0,13,17.527561
0.0,26,17.550945
0.0,78,17.595299
0.0,42,17.619822
0.0,82,17.672835
0.0,27,17.686913
0.0,23,17.70036
0.0,22,17.712887
0.0,11,17.720088
0.0,32,17.735214
0.0,80,17.78209
0.0,17,17.791728
0.0,38,17.814839
0.0,18,17.823656
0.0,37,17.846107
0.0,9,17.851112
0.0,78,17.904406
0.0,15,17.91203
0.0,13,17.91818
0.0,65,18.100702
0.0,32,18.119191
0.0,42,18.145168
0.0,44,18.196194
0.0,25,18.215209
0.0,27,18.235792
0.0,41,18.270248
0.0,77,18.33948
0.0,37,18.371917
0.0,11,18.385309
0.0,30,18.40163
0.0,9,18.407855
0.0,9,18.41444
0.0,35,18.434573
0.0,6,18.438327
0.0,18,18.449172
0.0,41,18.472887
0.0,18,18.48735
0.0,50,18.516479
0.0,55,18.547801
0.0,77,18.594798
0.0,25,18.614308
0.0,36,18.634921
0.0,14,18.642673
0.0,11,18.649225
0.0,77,18.696911
0.0,29,18.715511
0.0,8,18.720867
0.0,16,18.730138
0.0,21,18.740955
0.0,17,18.753265
0.0,86,18.941641
0.0,28,18.95777
0.0,35,18.979346
0.0,25,18.995632
0.0,30,19.012801
0.0,133,19.094991
0.0,56,19.129338
0.0,35,19.150063
0.0,13,19.157253
0.0,8,19.161544
0.0,13,19.169055
0.0,16,19.178728
0.0,8,19.183693
0.0,34,19.204268
0.0,71,19.255612
0.0,71,19.296325
0.0,18,19.307862
0.0,20,19.325627
0.0,36,19.347934
0.0,12,19.355381
0.0,34,19.376047
0.0,21,19.388713
0.0,73,19.433217
0.0,58,19.469836
0.0,19,19.483227
0.0,19,19.493052
0.0,24,19.508341
0.0,42,19.540893
0.0,131,19.755652
0.0,43,19.783968
0.0,8,19.788741
0.0,78,19.836942
0.0,49,19.865913
0.0,19,19.877346
0.0,35,19.897999
0.0,33,19.916438
0.0,25,19.931797
0.0,36,19.951604
0.0,5,19.954127
0.0,34,19.977421
0.0,18,19.986984
0.0,52,20.017924
0.0,14,20.027096
0.0,18,20.037881
0.0,26,20.05492
0.0,51,20.085419
0.0,16,20.097217
0.0,17,20.108713
0.0,55,20.148917
0.0,7,20.152678
0.0,24,20.19177
0.0,17,20.222303
0.0,9,20.237927
0.0,54,20.331779
0.0,8,20.345522
0.0,33,20.401622
0.0,8,20.415616
0.0,14,20.440336
0.0,32,20.495493
0.0,20,20.529274
0.0,30,20.575543
0.0,11,20.581416
0.0,10,20.586715
0.0,39,20.736845
0.0,20,20.748075
0.0,41,20.772398
0.0,14,20.780252
0.0,16,20.788888
0.0,37,20.811944
0.0,17,20.823484
0.0,9,20.828265
0.0,13,20.83655
0.0,15,20.84598
0.0,68,20.887888
0.0,26,20.903013
0.0,110,20.971996
0.0,17,20.982198
0.0,96,21.040328
0.0,51,21.06835
0.0,12,21.074877
0.0,52,21.116371
0.0,36,21.138119
0.0,21,21.148817
0.0,17,21.159937
0.0,14,21.168135
0.0,35,21.189228
0.0,10,21.194679
0.0,30,21.217078
0.0,26,21.231547
0.0,65,21.273092
0.0,5,21.276381
0.0,90,21.329706
0.0,23,21.343944
0.0,31,21.499778
0.0,29,21.520564
0.0,28,21.540153
0.0,32,21.558645
0.0,60,21.591913
0.0,14,21.59991
0.0,30,21.625518
0.0,26,21.641823
0.0,24,21.658694
0.0,68,21.695035
0.0,49,21.725641
0.0,82,21.77348
0.0,14,21.782655
0.0,15,21.788822
0.0,75,21.835756
0.0,15,21.845224
0.0,23,21.858637
0.0,10,21.863346
0.0,26,21.879847
0.0,22,21.892724
0.0,12,21.900481
0.0,45,21.934352
0.0,91,21.987542
0.0,37,22.01048
0.0,46,22.033231
0.0,12,22.040137
0.0,22,22.05195
0.0,20,22.062923
0.0,21,22.07455
0.0,14,22.085062
0.0,33,22.108248
0.0,22,22.254334
0.0,14,22.262376
0.0,8,22.267054
0.0,62,22.309446
0.0,29,22.328478
0.0,15,22.337781
0.0,11,22.346029
0.0,34,22.377145
0.0,21,22.386351
0.0,21,22.403061
0.0,26,22.420857
0.0,23,22.43351
0.0,43,22.458038
0.0,53,22.491462
0.0,16,22.504485
0.0,34,22.52479
0.0,16,22.533598
0.0,31,22.552564
0.0,14,22.563082
0.0,24,22.578661
0.0,6,22.583998
0.0,34,22.603037
0.0,16,22.616242
0.0,49,22.644267
0.0,36,22.664571
0.0,9,22.669382
0.0,35,22.69053
0.0,16,22.699765
0.0,36,22.719251
0.0,31,22.735689
0.0,61,22.768585
0.0,22,22.780858
0.0,41,22.80288
0.0,72,22.84649
0.0,73,23.029579
0.0,22,23.046649
0.0,39,23.073478
0.0,12,23.086101
0.0,7,23.090294
0.0,17,23.102596
0.0,52,23.135817
0.0,15,23.146238
0.0,15,23.156725
0.0,18,23.172391
0.0,12,23.183029
0.0,61,23.239225
0.0,48,23.276594
0.0,24,23.293928
0.0,18,23.306908
0.0,38,23.332158
0.0,58,23.395373
0.0,36,23.418447
0.0,18,23.431329
0.0,58,23.462105
0.0,14,23.470458
0.0,16,23.480172
0.0,15,23.488765
0.0,41,23.514544
0.0,114,23.584233
0.0,32,23.604741
0.0,14,23.617163
0.0,27,23.635565
0.0,14,23.648135
0.0,30,23.669855
0.0,16,23.679334
0.0,45,23.708883
0.0,27,23.725723
0.0,43,23.887547
0.0,50,23.923229
0.0,35,23.949066
0.0,44,23.974003
0.0,15,23.983114
0.0,9,23.988692
0.0,17,23.998813
0.0,30,24.018193
0.0,25,24.034716
0.0,31,24.054695
0.0,36,24.075301
0.0,16,24.084802
0.0,77,24.134924
0.0,63,24.175128
0.0,72,24.219651
0.0,45,24.249131
0.0,36,24.269838
0.0,13,24.276485
0.0,25,24.29254
0.0,37,24.316094
0.0,14,24.325567
0.0,11,24.335913
0.0,8,24.340438
0.0,35,24.363043
0.0,43,24.388294
0.0,61,24.425569
0.0,23,24.442271
0.0,27,24.459285
0.0,61,24.498847
0.0,23,24.512585
0.0,110,24.722698
0.0,28,24.739165
0.0,32,24.758196
0.0,14,24.76632
0.0,16,24.777272
0.0,15,24.785085
0.0,29,24.801024
0.0,45,24.829454
0.0,16,24.839906
0.0,35,24.862068
0.0,32,24.882199
0.0,30,24.899201
0.0,12,24.906221
0.0,12,24.91322
0.0,13,24.921316
0.0,19,24.931975
0.0,13,24.94047
0.0,61,24.974366
0.0,18,24.982667
0.0,25,24.994377
0.0,54,25.026155
0.0,46,25.05631
0.0,38,25.082687
0.0,23,25.096711
0.0,25,25.112575
0.0,33,25.134096
0.0,15,25.142993
0.0,12,25.156012
0.0,19,25.174408
0.0,37,25.197386
0.0,44,25.222138
0.0,62,25.257478
0.0,22,25.269634
0.0,144,25.493712
0.0,31,25.51114
0.0,19,25.522897
0.0,25,25.536501
0.0,106,25.599641
0.0,41,25.622975
0.0,11,25.628618
0.0,79,25.674163
0.0,9,25.678956
0.0,41,25.70036
0.0,8,25.705169
0.0,43,25.730596
0.0,55,25.755146
0.0,48,25.779655
0.0,50,25.813651
0.0,31,25.831587
0.0,42,25.854279
0.0,14,25.862699
0.0,80,25.916251
0.0,22,25.928567
0.0,14,25.936609
0.0,25,25.952165
0.0,73,25.9937
0.0,32,26.015239
0.0,15,26.023695
0.0,30,26.178098
0.0,46,26.202108
0.0,45,26.242196
0.0,71,26.281002
0.0,23,26.294058
0.0,38,26.315053
0.0,27,26.331388
0.0,74,26.371865
0.0,18,26.382893
0.0,72,26.421878
0.0,37,26.443691
0.0,8,26.448337
0.0,19,26.458716
0.0,66,26.490988
0.0,40,26.513652
0.0,38,26.542581
0.0,31,26.561059
0.0,25,26.575621
0.0,15,26.584105
0.0,10,26.588771
0.0,10,26.594273
0.0,22,26.606083
0.0,7,26.609449
0.0,38,26.629687
0.0,13,26.641782
0.0,27,26.661089
0.0,76,26.704852
0.0,24,26.717485
0.0,77,26.761685
0.0,12,26.770149
0.0,103,26.966803
0.0,56,26.997946
0.0,15,27.00634
0.0,16,27.01529
0.0,56,27.052963
0.0,30,27.069724
0.0,17,27.084048
0.0,8,27.088414
0.0,44,27.111052
0.0,31,27.130677
0.0,19,27.140442
0.0,35,27.16345
0.0,24,27.178114
0.0,13,27.188189
0.0,23,27.200432
0.0,33,27.217036
0.0,20,27.234539
0.0,14,27.241519
0.0,51,27.270971
0.0,21,27.284872
0.0,37,27.30265
0.0,62,27.337072
0.0,7,27.34111
0.0,40,27.360945
0.0,45,27.386834
0.0,96,27.440233
0.0,11,27.446491
0.0,7,27.450704
0.0,18,27.466146
0.0,136,27.679911
0.0,11,27.689805
0.0,31,27.71247
0.0,52,27.738047
0.0,16,27.74661
0.0,5,27.749719
0.0,12,27.756261
0.0,27,27.771159
0.0,10,27.775854
0.0,26,27.792333
0.0,6,27.795312
0.0,17,27.804971
0.0,11,27.811324
0.0,13,27.820024
0.0,34,27.838999
0.0,60,27.873714
0.0,53,27.904305
0.0,17,27.914441
0.0,67,27.949997
0.0,35,27.964233
0.0,10,27.968219
0.0,8,27.973615
0.0,39,28.001973
0.0,34,28.024116
0.0,20,28.035967
0.0,30,28.05364
0.0,35,28.074307
0.0,32,28.092224
0.0,10,28.101129
0.0,27,28.120495
0.0,7,28.124658
0.0,19,28.13519
0.0,34,28.158689
0.0,34,28.191091
0.0,36,28.220007
0.0,22,28.239353
0.0,21,28.255781
0.0,18,28.273469
0.0,38,28.453305
0.0,65,28.491991
0.0,33,28.512294
0.0,36,28.535266
0.0,35,28.555195
0.0,9,28.560512
0.0,43,28.595331
0.0,101,28.685333
0.0,31,28.719863
0.0,94,28.81814
0.0,17,28.843306
0.0,26,28.869625
0.0,14,28.884035
0.0,21,28.908887
0.0,7,28.916612
0.0,58,28.961641
0.0,117,29.033528
0.0,16,29.041176
0.0,18,29.05317
0.0,44,29.083317
0.0,45,29.118266
0.0,20,29.136367
0.0,10,29.143477
0.0,36,29.170517
0.0,35,29.195702
0.0,67,29.240781
0.0,38,29.395436
0.0,19,29.406671
0.0,48,29.435165
0.0,11,29.442141
0.0,37,29.471379
0.0,65,29.514611
0.0,29,29.534351
0.0,49,29.569808
0.0,43,29.598025
0.0,72,29.642371
0.0,17,29.650597
0.0,26,29.66715
0.0,24,29.684514
0.0,29,29.697497
0.0,41,29.719139
0.0,24,29.731642
0.0,25,29.745838
0.0,48,29.778487
0.0,14,29.788843
0.0,37,29.810976
0.0,17,29.820521
0.0,21,29.831076
0.0,45,29.85703
0.0,9,29.861523
0.0,60,29.900987
0.0,64,29.941473
0.0,23,29.955018
0.0,17,29.964822
0.0,28,29.984577
0.0,14,29.993083
0.0,19,30.006725
0.0,41,30.170371
0.0,16,30.17959
0.0,10,30.185214
0.0,28,30.200558
0.0,25,30.217491
0.0,26,30.231403
0.0,42,30.254544
0.0,31,30.272426
0.0,22,30.28497
0.0,28,30.301701
0.0,8,30.306715
0.0,38,30.326296
0.0,12,30.333072
0.0,107,30.397553
0.0,13,30.403429
0.0,28,30.420485
0.0,26,30.435798
0.0,66,30.4771
0.0,27,30.492831
0.0,81,30.54102
0.0,11,30.548507
0.0,46,30.574918
0.0,7,30.578534
0.0,12,30.584739
0.0,31,30.605018
0.0,32,30.626083
0.0,14,30.634775
0.0,31,30.654347
0.0,15,30.662284
0.0,58,30.695677
0.0,23,30.710695
0.0,30,30.726968
0.0,11,30.73281
0.0,7,30.736075
0.0,17,30.744791
0.0,10,30.750187
0.0,65,30.919015
0.0,18,30.929134
0.0,41,30.955431
0.0,56,30.991242
0.0,23,31.005323
0.0,53,31.039753
0.0,25,31.055254
0.0,15,31.065195
0.0,100,31.127506
0.0,19,31.138081
0.0,25,31.155085
0.0,6,31.158509
0.0,70,31.197491
0.0,30,31.214123
0.0,89,31.266641
0.0,44,31.288988
0.0,57,31.320955
0.0,36,31.354329
0.0,18,31.36382
0.0,37,31.38401
0.0,35,31.411285
0.0,15,31.421097
0.0,50,31.447738
0.0,27,31.462966
0.0,17,31.475664
0.0,13,31.48313
0.0,46,31.51285
0.0,22,31.658922
0.0,67,31.700699
0.0,5,31.703543
0.0,7,31.707833
0.0,10,31.714231
0.0,22,31.727517
0.0,23,31.741146
0.0,37,31.764031
0.0,34,31.782797
0.0,26,31.798924
0.0,89,31.846688
0.0,14,31.857077
0.0,65,31.893572
0.0,18,31.903338
0.0,39,31.923274
0.0,80,31.96983
0.0,29,31.984519
0.0,9,31.989377
0.0,136,32.068057
0.0,17,32.077768
0.0,16,32.086682
0.0,8,32.091285
0.0,7,32.094928
0.0,30,32.112911
0.0,59,32.145517
0.0,43,32.175634
0.0,11,32.181566
0.0,22,32.19402
0.0,22,32.208235
0.0,7,32.212295
0.0,16,32.221164
0.0,33,32.241224
0.0,60,32.416406
0.0,25,32.429803
0.0,14,32.438687
0.0,16,32.44954
0.0,21,32.462129
0.0,36,32.481894
0.0,66,32.517838
0.0,32,32.536815
0.0,58,32.570528
0.0,23,32.586677
0.0,14,32.593657
0.0,54,32.623293
0.0,58,32.660152
0.0,52,32.692428
0.0,43,32.715262
0.0,98,32.774964
0.0,63,32.812506
0.0,63,32.84965
0.0,9,32.855013
0.0,31,32.872674
0.0,32,32.892789
0.0,17,32.905807
0.0,12,32.912562
0.0,25,32.925552
0.0,62,32.957091
0.0,44,32.981886
0.0,23,33.129713
0.0,33,33.150474
0.0,21,33.162493
0.0,28,33.178309
0.0,25,33.192339
0.0,54,33.229712
0.0,22,33.243902
0.0,19,33.2561
0.0,18,33.267607
0.0,43,33.295834
0.0,18,33.306775
0.0,29,33.329964
0.0,43,33.355491
0.0,53,33.387836
0.0,33,33.406167
0.0,14,33.413818
0.0,17,33.424664
0.0,22,33.436794
0.0,20,33.448112
0.0,39,33.474791
0.0,8,33.47951
0.0,63,33.514855
0.0,18,33.527385
0.0,14,33.536708
0.0,33,33.558388
0.0,121,33.635721
0.0,16,33.646425
0.0,25,33.661406
0.0,48,33.694952
0.0,67,33.73906
0.0,92,33.930329
0.0,67,33.974367
0.0,132,34.05529
0.0,55,34.095138
0.0,21,34.109589
0.0,11,34.116964
0.0,14,34.125636
0.0,23,34.139723
0.0,58,34.180279
0.0,21,34.191235
0.0,73,34.234121
0.0,11,34.243344
0.0,18,34.255283
0.0,30,34.272719
0.0,14,34.281782
0.0,53,34.314762
0.0,25,34.330265
0.0,65,34.383218
0.0,39,34.420375
0.0,85,34.487037
0.0,47,34.519951
0.0,64,34.560606
0.0,8,34.565386
0.0,17,34.575855
0.0,58,34.739885
0.0,30,34.758636
0.0,17,34.767528
0.0,31,34.785724
0.0,9,34.79194
0.0,7,34.796009
0.0,29,34.813211
1.0,38,34.832867
0.0,12,34.840741
0.0,87,34.891393
0.0,19,34.900768
0.0,22,34.914103
0.0,16,34.92314
0.0,41,34.95062
0.0,25,34.965536
0.0,24,34.978621
0.0,6,34.982597
0.0,37,35.005608
0.0,48,35.034471
0.0,19,35.043535
0.0,76,35.081289
0.0,41,35.111286
0.0,34,35.130031
0.0,30,35.149109
0.0,12,35.172585
0.0,7,35.176935
0.0,58,35.21058
0.0,61,35.245222
0.0,17,35.254024
0.0,24,35.267788
0.0,38,35.290581
0.0,13,35.298345
0.0,68,35.337319
0.0,22,35.476809
0.0,16,35.486107
0.0,15,35.49797
0.0,29,35.51807
0.0,7,35.52609
0.0,10,35.53273
0.0,106,35.601408
0.0,12,35.608822
0.0,55,35.64468
0.0,67,35.686211
0.0,37,35.710494
0.0,7,35.724824
0.0,30,35.744716
0.0,13,35.752785
0.0,45,35.780997
0.0,8,35.786546
0.0,49,35.816753
0.0,18,35.837644
0.0,12,35.846225
0.0,25,35.860704
0.0,38,35.886391
0.0,40,35.909785
0.0,6,35.912811
0.0,20,35.925493
0.0,17,35.945247
0.0,33,35.970918
0.0,16,35.980143
0.0,55,36.01645
0.0,23,36.031457
0.0,39,36.057976
0.0,8,36.062858
0.0,27,36.079432
0.0,26,36.095499
0.0,90,36.156955
0.0,8,36.301055
0.0,41,36.323898
0.0,34,36.3461
0.0,14,36.355222
0.0,50,36.385962
0.0,107,36.450331
0.0,124,36.532109
0.0,21,36.549704
0.0,82,36.607308
0.0,58,36.64449
0.0,13,36.651707
0.0,28,36.67047
0.0,26,36.68312
0.0,14,36.690836
0.0,37,36.70921
0.0,17,36.717554
0.0,9,36.724812
0.0,71,36.769285
0.0,12,36.777286
0.0,10,36.78325
0.0,11,36.790443
0.0,67,36.833843
0.0,95,36.898484
0.0,14,36.907181
0.0,67,37.088169
0.0,53,37.126486
0.0,13,37.134243
0.0,50,37.164891
0.0,95,37.237822
0.0,21,37.25242
0.0,13,37.261441
0.0,35,37.285123
0.0,13,37.294256
0.0,16,37.304429
0.0,21,37.320698
0.0,38,37.344295
0.0,83,37.398763
0.0,21,37.411993
0.0,29,37.428313
0.0,106,37.497571
0.0,39,37.519872
0.0,21,37.532301
0.0,13,37.539839
0.0,33,37.560531
0.0,10,37.567127
0.0,11,37.57369
0.0,28,37.592114
0.0,8,37.600571
0.0,27,37.616249
0.0,9,37.621627
0.0,17,37.63144
0.0,37,37.65178
0.0,8,37.65669
0.0,43,37.682164
0.0,46,37.711709
0.0,57,37.760388
0.0,7,37.76542
0.0,23,37.932905
0.0,53,37.964307
0.0,25,37.980217
0.0,25,37.995056
0.0,87,38.044495
0.0,42,38.071433
0.0,10,38.077461
0.0,9,38.082861
0.0,22,38.096622
0.0,78,38.155445
0.0,32,38.179401
0.0,12,38.18874
0.0,35,38.211426
0.0,23,38.226246
0.0,34,38.247526
0.0,50,38.279223
0.0,30,38.298427
0.0,8,38.303537
0.0,16,38.313723
0.0,21,38.32781
0.0,21,38.346265
0.0,8,38.351263
0.0,20,38.36776
0.0,93,38.429737
0.0,28,38.445323
0.0,90,38.499784
0.0,33,38.523755
0.0,44,38.554734
0.0,19,38.567905
0.0,10,38.57483
0.0,47,38.749797
0.0,22,38.763557
0.0,31,38.783089
0.0,26,38.799287
0.0,21,38.8124
0.0,46,38.838791
0.0,25,38.854903
0.0,24,38.876177
0.0,6,38.880354
0.0,16,38.889678
0.0,28,38.907106
0.0,13,38.916874
0.0,26,38.93555
0.0,11,38.944672
0.0,29,38.977704
0.0,11,38.993186
0.0,15,39.002604
0.0,22,39.01739
0.0,33,39.036426
0.0,48,39.071222
0.0,34,39.092058
0.0,11,39.099121
0.0,23,39.113263
0.0,63,39.153003
0.0,45,39.179545
0.0,72,39.223178
0.0,7,39.227696
0.0,12,39.235038
0.0,25,39.250278
0.0,21,39.263333
0.0,77,39.328681
0.0,57,39.363525
0.0,27,39.379325
0.0,26,39.393698
0.0,43,39.418174
0.0,13,39.563092
0.0,35,39.587199
0.0,53,39.627403
0.0,9,39.632731
0.0,39,39.657658
0.0,33,39.677887
0.0,19,39.700887
0.0,9,39.706544
0.0,9,39.71266
0.0,18,39.728156
0.0,43,39.757178
0.0,10,39.76379
0.0,71,39.826424
0.0,79,39.882237
0.0,93,39.95128
0.0,12,39.960792
0.0,23,39.979042
0.0,23,40.010797
0.0,28,40.033
0.0,132,40.144998
0.0,10,40.153461
0.0,18,40.167643
0.0,22,40.191433
0.0,9,40.197641
0.0,9,40.203908
0.0,22,40.219427
0.0,23,40.241729
0.0,24,40.256283
0.0,24,40.273517
0.0,77,40.331666
0.0,22,40.348632
0.0,30,40.532188
0.0,76,40.5824
0.0,15,40.592589
0.0,9,40.59964
0.0,15,40.609932
0.0,9,40.615826
0.0,37,40.647882
0.0,81,40.713181
0.0,49,40.760621
0.0,18,40.770869
0.0,143,40.870929
0.0,13,40.880103
0.0,16,40.895125
0.0,70,40.949271
0.0,6,40.960106
0.0,44,40.9894
0.0,27,41.007846
0.0,5,41.009898
0.0,35,41.034377
0.0,14,41.053885
0.0,39,41.077465
0.0,34,41.098854
0.0,18,41.110432
0.0,18,41.12372
0.0,49,41.151686
0.0,12,41.175364
0.0,24,41.203003
0.0,64,41.245963
0.0,12,41.256764
0.0,18,41.267769
0.0,77,41.463498
0.0,30,41.480947
0.0,25,41.496757
0.0,34,41.515667
0.0,29,41.532416
0.0,71,41.571423
0.0,45,41.596857
0.0,30,41.613795
0.0,35,41.63328
0.0,11,41.640295
0.0,28,41.656174
0.0,13,41.663297
0.0,15,41.68115
0.0,28,41.700448
0.0,25,41.713864
0.0,21,41.725171
0.0,71,41.766012
0.0,20,41.783712
0.0,8,41.790511
0.0,48,41.81699
0.0,159,41.935071
0.0,45,41.964621
0.0,102,42.064021
0.0,30,42.084959
0.0,7,42.096099
0.0,8,42.100762
0.0,60,42.309721
0.0,68,42.354622
0.0,23,42.368484
0.0,62,42.411633
0.0,5,42.41618
0.0,10,42.424973
0.0,12,42.43271
0.0,11,42.43942
0.0,21,42.451527
0.0,12,42.458032
0.0,35,42.480204
0.0,26,42.497421
0.0,31,42.516819
0.0,25,42.530811
0.0,66,42.576881
0.0,77,42.636667
0.0,48,42.661966
0.0,26,42.68127
0.0,17,42.692797
0.0,97,42.759346
0.0,16,42.769411
0.0,30,42.787327
0.0,48,42.817083
0.0,31,42.833039
0.0,13,42.842849
0.0,8,42.851167
0.0,19,42.861054
0.0,7,42.865103
0.0,53,42.894017
0.0,74,42.940955
0.0,18,42.952912
0.0,11,42.95811
0.0,25,43.115198
0.0,29,43.138283
0.0,19,43.148908
0.0,90,43.199034
0.0,28,43.214513
0.0,52,43.2446
0.0,29,43.261217
0.0,49,43.285042
0.0,41,43.311395
0.0,16,43.320297
0.0,20,43.337075
0.0,24,43.354586
0.0,24,43.37005
0.0,11,43.380839
0.0,5,43.383806
0.0,17,43.393398
0.0,17,43.402038
0.0,26,43.415627
0.0,24,43.434421
0.0,27,43.450601
0.0,7,43.454847
0.0,14,43.462483
0.0,55,43.497155
0.0,19,43.507956
0.0,36,43.531909
0.0,39,43.557591
0.0,11,43.563798
0.0,47,43.590317
0.0,99,43.645926
0.0,11,43.654093
0.0,33,43.67285
0.0,14,43.681705
0.0,14,43.689041
0.0,33,43.70663
0.0,15,43.71555
0.0,34,43.931949
0.0,25,43.954777
0.0,38,43.994755
0.0,26,44.013555
0.0,34,44.034962
0.0,72,44.093584
0.0,56,44.128154
0.0,47,44.160071
0.0,84,44.210249
0.0,112,44.282157
0.0,24,44.294189
0.0,21,44.306013
0.0,34,44.325747
0.0,13,44.333254
0.0,42,44.358274
0.0,31,44.375912
0.0,42,44.400389
0.0,27,44.424461
0.0,124,44.504577
0.0,25,44.531202
0.0,15,44.545071
0.0,27,44.571719
0.0,107,44.849222
0.0,14,44.86121
0.0,45,44.902434
0.0,16,44.921483
0.0,20,44.940029
0.0,8,44.946913
0.0,17,44.964167
0.0,66,45.020094
0.0,38,45.045986
0.0,60,45.091846
0.0,19,45.104266
0.0,6,45.108194
0.0,25,45.127881
0.0,79,45.184336
0.0,59,45.220129
0.0,67,45.256629
0.0,13,45.264576
0.0,12,45.270972
0.0,34,45.289571
0.0,55,45.319098
0.0,60,45.357899
0.0,52,45.396134
0.0,29,45.419968
0.0,41,45.462073
0.0,30,45.483562
0.0,63,45.529681
0.0,30,45.547217
0.0,29,45.563574
0.0,49,45.721507
0.0,14,45.72911
0.0,17,45.738782
0.0,6,45.746884
0.0,47,45.775729
0.0,33,45.793765
0.0,14,45.802048
0.0,48,45.839357
0.0,68,45.884239
0.0,44,45.917961
0.0,65,45.958637
0.0,33,45.979884
0.0,28,45.99695
0.0,35,46.019277
0.0,23,46.033763
0.0,32,46.05432
0.0,13,46.063116
0.0,40,46.10462
0.0,21,46.119179
0.0,19,46.1429
0.0,18,46.156572
0.0,27,46.174611
0.0,65,46.227082
0.0,14,46.24097
0.0,11,46.249243
0.0,51,46.296698
0.0,26,46.310303
0.0,57,46.341682
0.0,33,46.358231
0.0,11,46.364043
0.0,30,46.380923
0.0,37,46.410639
0.0,6,46.4173
0.0,31,46.587398
0.0,69,46.630677
0.0,9,46.638788
0.0,66,46.680939
0.0,32,46.702449
0.0,19,46.71258
0.0,86,46.76481
0.0,13,46.771816
0.0,65,46.821089
0.0,23,46.834288
0.0,46,46.862624
0.0,9,46.869516
0.0,45,46.924945
0.0,17,46.946343
0.0,66,47.005343
0.0,65,47.080518
0.0,20,47.095642
0.0,14,47.105635
0.0,23,47.127874
0.0,54,47.171128
0.0,34,47.191779
0.0,61,47.236146
0.0,43,47.265746
0.0,25,47.280476
0.0,64,47.313847
0.0,47,47.464911
0.0,74,47.507013
0.0,18,47.519453
0.0,45,47.54466
0.0,15,47.554083
0.0,22,47.565421
0.0,10,47.571415
0.0,34,47.591681
0.0,18,47.601732
0.0,24,47.615877
0.0,10,47.622562
0.0,28,47.640534
0.0,18,47.650714
0.0,64,47.687721
0.0,26,47.702414
0.0,9,47.708483
0.0,29,47.726409
0.0,23,47.741951
0.0,28,47.761316
0.0,61,47.808013
0.0,25,47.825714
0.0,26,47.846919
0.0,14,47.858321
0.0,22,47.873469
0.0,9,47.880311
0.0,53,47.91981
0.0,19,47.938723
0.0,24,47.958652
0.0,32,47.986027
0.0,35,48.004973
0.0,20,48.022895
0.0,14,48.030048
0.0,52,48.080047
0.0,37,48.103709
0.0,28,48.120639
0.0,92,48.362242
0.0,17,48.374629
0.0,9,48.380109
0.0,24,48.392908
0.0,80,48.436156
0.0,42,48.459606
0.0,16,48.468583
0.0,80,48.513306
0.0,57,48.545785
0.0,26,48.560749
0.0,42,48.586434
0.0,17,48.595417
0.0,18,48.60481
0.0,44,48.632321
0.0,15,48.640422
0.0,40,48.663381
0.0,20,48.676385
0.0,27,48.690976
0.0,16,48.70256
0.0,11,48.708746
0.0,77,48.755006
0.0,36,48.777045
0.0,33,48.793537
0.0,31,48.813983
0.0,60,48.844382
0.0,62,48.882961
0.0,17,48.894172
0.0,43,48.917289
0.0,20,49.060555
0.0,33,49.08019
0.0,15,49.092972
0.0,19,49.103335
0.0,30,49.123053
0.0,38,49.142452
0.0,35,49.162506
0.0,83,49.217515
0.0,15,49.225495
0.0,13,49.234643
0.0,15,49.242875
0.0,124,49.322448
0.0,85,49.370991
0.0,54,49.407959
0.0,17,49.417283
0.0,10,49.422891
0.0,15,49.430833
0.0,31,49.448952
0.0,54,49.479611
0.0,11,49.488125
0.0,49,49.522695
0.0,7,49.527196
0.0,32,49.548436
0.0,24,49.564977
0.0,5,49.568134
0.0,15,49.58189
0.0,7,49.586536
0.0,67,49.635416
0.0,42,49.663943
0.0,23,49.675451
0.0,10,49.684197
0.0,19,49.705888
0.0,70,49.902704
0.0,27,49.924762
0.0,14,49.93247
0.0,6,49.936357
0.0,33,49.953716
0.0,28,49.970008
0.0,10,49.976035
0.0,27,49.991197
0.0,11,49.99831
0.0,15,50.006464
0.0,23,50.017222
0.0,17,50.032595
0.0,12,50.040026
0.0,40,50.062515
0.0,9,50.069659
0.0,6,50.073516
0.0,34,50.091164
0.0,15,50.102151
0.0,74,50.143287
0.0,21,50.155972
0.0,67,50.194067
0.0,9,50.198995
0.0,8,50.204244
0.0,33,50.221757
0.0,117,50.2888
0.0,126,50.360047
0.0,22,50.370854
0.0,11,50.376065
0.0,18,50.385283
0.0,97,50.43953
0.0,26,50.454447
0.0,48,50.626655
0.0,78,50.674718
0.0,65,50.712141
0.0,157,50.802082
0.0,6,50.805806
0.0,132,50.900748
0.0,32,50.921763
0.0,24,50.935817
0.0,19,50.948468
0.0,22,50.961592
0.0,10,50.971853
0.0,36,50.994632
0.0,18,51.006131
0.0,56,51.040952
0.0,35,51.065624
0.0,7,51.073122
0.0,29,51.100606
0.0,21,51.114494
0.0,19,51.127247
0.0,19,51.140023
0.0,13,51.148169
0.0,20,51.161934
0.0,45,51.197965
0.0,7,51.203277
0.0,5,51.205957
0.0,18,51.216341
0.0,29,51.232255
0.0,72,51.292115
0.0,15,51.44329
0.0,38,51.468381
0.0,32,51.483559
0.0,25,51.502826
0.0,65,51.545463
0.0,97,51.601548
0.0,22,51.616426
0.0,89,51.682049
0.0,29,51.698548
0.0,14,51.707589
0.0,70,51.754369
0.0,16,51.763593
0.0,22,51.7761
0.0,51,51.80847
0.0,38,51.831555
0.0,37,51.854293
0.0,23,51.87097
0.0,44,51.901968
0.0,87,51.956799
0.0,32,51.979481
0.0,44,52.001523
0.0,30,52.018806
0.0,6,52.022247
0.0,17,52.033304
0.0,12,52.039996
0.0,17,52.053731
0.0,27,52.070862
0.0,19,52.087234
0.0,37,52.264238
0.0,114,52.387324
0.0,31,52.408291
0.0,39,52.444159
0.0,51,52.493919
0.0,112,52.572563
0.0,8,52.577073
0.0,11,52.582859
0.0,34,52.599973
0.0,19,52.611353
0.0,60,52.651619
0.0,22,52.663079
0.0,13,52.670946
0.0,51,52.700105
0.0,17,52.710135
0.0,27,52.725793
0.0,35,52.750142
0.0,50,52.788005
0.0,68,52.830246
0.0,23,52.845587
0.0,21,52.858107
0.0,20,52.869165
0.0,25,52.888573
0.0,45,52.920985
0.0,55,52.958534
0.0,20,52.967422
0.0,82,53.170238
0.0,8,53.175357
0.0,18,53.186712
0.0,24,53.201435
0.0,12,53.20871
0.0,31,53.227834
0.0,71,53.280327
0.0,57,53.337332
0.0,32,53.373804
0.0,13,53.39054
0.0,22,53.404762
0.0,82,53.496178
0.0,20,53.513149
0.0,18,53.526574
0.0,113,53.629397
0.0,17,53.639998
0.0,16,53.650675
0.0,37,53.670904
0.0,39,53.695267
0.0,10,53.701206
0.0,30,53.72261
0.0,32,53.750297
0.0,30,53.776212
0.0,70,53.848062
0.0,92,53.937659
0.0,10,53.943132
0.0,6,53.950891
0.0,44,53.978806
0.0,14,53.986949
0.0,20,54.18996
0.0,29,54.221643
0.0,8,54.22713
0.0,74,54.293765
0.0,17,54.310609
0.0,8,54.316026
0.0,35,54.354375
0.0,15,54.369697
0.0,8,54.374122
0.0,20,54.39192
0.0,42,54.430049
0.0,24,54.454495
0.0,62,54.499167
0.0,12,54.5103
0.0,52,54.55753
0.0,58,54.609859
0.0,74,54.680429
0.0,44,54.714601
0.0,77,54.775549
0.0,17,54.791107
0.0,65,54.858892
0.0,24,54.88423
0.0,123,54.993308
0.0,17,55.005013
0.0,20,55.016078
0.0,42,55.044976
0.0,38,55.229517
0.0,19,55.24293
0.0,21,55.255235
0.0,126,55.349882
0.0,102,55.455231
0.0,11,55.464195
0.0,78,55.566181
0.0,22,55.593097
0.0,29,55.628147
0.0,99,55.731318
0.0,27,55.754761
0.0,30,55.782636
0.0,20,55.800051
0.0,22,55.811725
0.0,15,55.819974
0.0,23,55.832617
0.0,39,55.855631
0.0,15,55.863997
0.0,62,55.899269
0.0,28,55.915152
0.0,39,55.941331
0.0,121,56.017212
0.0,33,56.036535
0.0,10,56.041228
0.0,61,56.22039
0.0,19,56.230669
0.0,13,56.238849
0.0,14,56.246091
0.0,19,56.255315
0.0,11,56.261737
0.0,25,56.276705
0.0,29,56.295286
0.0,44,56.327002
0.0,14,56.333788
0.0,12,56.340761
0.0,17,56.350829
0.0,28,56.365421
0.0,16,56.374891
0.0,14,56.382204
0.0,9,56.387024
0.0,41,56.411002
0.0,30,56.428322
0.0,21,56.440825
0.0,7,56.445591
0.0,67,56.495142
0.0,38,56.526378
0.0,53,56.558224
0.0,15,56.56744
0.0,39,56.594399
0.0,26,56.611574
0.0,47,56.636054
0.0,24,56.647532
0.0,48,56.677743
0.0,15,56.688462
0.0,11,56.698336
0.0,19,56.710103
0.0,46,56.735023
0.0,46,56.765744
0.0,13,56.772897
0.0,21,56.792196
0.0,9,56.803433
0.0,16,56.827677
0.0,8,56.833877
0.0,15,56.845037
0.0,70,57.062684
0.0,11,57.072056
0.0,26,57.101855
0.0,22,57.118406
0.0,32,57.156386
0.0,47,57.192541
0.0,46,57.230603
0.0,14,57.241035
0.0,14,57.255026
0.0,85,57.31625
0.0,53,57.351897
0.0,14,57.361136
0.0,7,57.365146
0.0,24,57.37778
0.0,15,57.386971
0.0,30,57.403158
0.0,60,57.450986
0.0,73,57.496352
0.0,78,57.537848
0.0,9,57.542462
0.0,23,57.561243
0.0,17,57.570361
0.0,35,57.589165
0.0,11,57.595951
0.0,15,57.604905
0.0,24,57.617787
0.0,44,57.646323
0.0,93,57.706544
0.0,15,57.716274
0.0,72,57.903624
0.0,26,57.919969
0.0,33,57.941411
0.0,28,57.958425
0.0,36,57.976896
0.0,46,58.002758
0.0,23,58.01663
0.0,57,58.054307
0.0,30,58.078217
0.0,70,58.122751
0.0,96,58.233329
0.0,8,58.239017
0.0,15,58.248852
0.0,11,58.262169
0.0,27,58.28116
0.0,50,58.318293
0.0,17,58.332999
0.0,10,58.341328
0.0,136,58.444083
0.0,13,58.452087
0.0,20,58.463823
0.0,34,58.483408
0.0,9,58.489881
0.0,29,58.511295
0.0,102,58.57752
0.0,57,58.626266
0.0,20,58.64104
0.0,14,58.793827
0.0,55,58.839962
0.0,11,58.847673
0.0,20,58.860287
0.0,43,58.891582
0.0,5,58.895043
0.0,67,58.935353
0.0,37,58.955928
0.0,9,58.960644
0.0,50,58.990303
0.0,77,59.042248
0.0,55,59.086097
0.0,18,59.106119
0.0,23,59.126867
0.0,16,59.138869
0.0,23,59.161635
0.0,24,59.182441
0.0,51,59.223595
0.0,10,59.230215
0.0,8,59.235238
0.0,15,59.245494
0.0,35,59.270226
0.0,37,59.302119
0.0,10,59.312612
0.0,47,59.350243
0.0,52,59.388489
0.0,57,59.44283
0.0,67,59.490057
0.0,16,59.499603
0.0,48,59.545393
0.0,46,59.724901
0.0,34,59.749814
0.0,17,59.759247
0.0,13,59.766699
0.0,15,59.777547
0.0,21,59.792446
0.0,10,59.797894
0.0,45,59.825793
0.0,13,59.833413
0.0,12,59.841502
0.0,34,59.862411
0.0,26,59.878095
0.0,61,59.91283
0.0,14,59.919499
0.0,14,59.927443
0.0,53,59.958161
0.0,36,59.977999
0.0,41,59.999344
0.0,53,60.030785
0.0,24,60.044449
0.0,22,60.058943
0.0,35,60.077896
0.0,16,60.085752
0.0,22,60.097395
0.0,8,60.101909
0.0,31,60.11805
0.0,6,60.121947
0.0,14,60.129818
0.0,36,60.149729
0.0,12,60.155823
0.0,82,60.201541
0.0,22,60.215218
0.0,22,60.230665
0.0,51,60.258788
0.0,33,60.283305
0.0,38,60.306946
0.0,34,60.478699
0.0,12,60.488163
0.0,9,60.493683
0.0,48,60.52089
0.0,8,60.525783
0.0,54,60.563424
0.0,17,60.576361
0.0,35,60.596912
0.0,109,60.660325
0.0,23,60.67368
0.0,17,60.684636
0.0,14,60.693388
0.0,27,60.707807
0.0,5,60.710495
0.0,16,60.718498
0.0,23,60.7308
0.0,16,60.739761
0.0,35,60.762091
0.0,17,60.771404
0.0,27,60.794601
0.0,17,60.805162
0.0,30,60.824871
0.0,11,60.831906
0.0,133,60.919332
0.0,16,60.927667
0.0,12,60.934558
0.0,47,60.966913
0.0,10,60.976135
0.0,110,61.051163
0.0,46,61.084291
0.0,17,61.094551
0.0,22,61.110308
0.0,14,61.117703
0.0,21,61.261389
0.0,34,61.28287
1.0,54,61.322279
0.0,8,61.326888
0.0,32,61.345054
0.0,58,61.377286
0.0,15,61.386191
0.0,12,61.40428
0.0,8,61.409306
0.0,23,61.423266
0.0,94,61.485873
0.0,19,61.497988
0.0,6,61.50152
0.0,58,61.54886
0.0,13,61.556879
0.0,23,61.569605
0.0,51,61.599426
0.0,8,61.604301
0.0,29,61.621912
0.0,18,61.632286
0.0,9,61.638283
0.0,29,61.653354
0.0,44,61.677454
0.0,23,61.690879
0.0,59,61.730717
0.0,38,61.754174
0.0,12,61.76321
0.0,9,61.768755
0.0,17,61.779082
0.0,24,61.796064
0.0,24,61.810306
0.0,15,61.82022
0.0,60,61.861881
0.0,39,61.886321
0.0,43,61.912757
0.0,23,62.099777
0.0,35,62.119703
0.0,20,62.134354
0.0,34,62.154151
0.0,6,62.158959
0.0,120,62.23421
0.0,32,62.272451
0.0,14,62.282783
0.0,76,62.33194
0.0,17,62.342613
0.0,19,62.354393
0.0,56,62.40369
0.0,11,62.410273
0.0,57,62.446521
0.0,22,62.458858
0.0,11,62.465003
0.0,35,62.491381
0.0,39,62.515369
0.0,5,62.520997
0.0,13,62.528431
0.0,15,62.536387
0.0,57,62.567474
0.0,41,62.597217
0.0,8,62.603035
0.0,26,62.619365
0.0,54,62.652067
0.0,78,62.7007
0.0,35,62.724501
0.0,27,62.746309
0.0,20,62.759969
0.0,80,62.975427
0.0,49,63.008409
0.0,66,63.068618
0.0,13,63.087954
0.0,8,63.103415
0.0,15,63.119854
0.0,25,63.14318
0.0,59,63.194674
0.0,34,63.225484
0.0,41,63.262342
0.0,12,63.275339
0.0,24,63.301358
0.0,15,63.318327
0.0,32,63.347691
0.0,19,63.365166
0.0,31,63.389602
0.0,30,63.417215
0.0,12,63.42439
0.0,23,63.435784
0.0,30,63.45156
0.0,50,63.482717
0.0,29,63.504635
0.0,18,63.514251
0.0,71,63.559563
0.0,10,63.565304
0.0,5,63.568212
0.0,42,63.593553
0.0,12,63.600843
0.0,39,63.623455
0.0,26,63.639699
0.0,14,63.650055
0.0,16,63.659053
0.0,11,63.665319
0.0,88,63.865349
0.0,23,63.877514
0.0,19,63.886708
0.0,38,63.908125
0.0,34,63.927621
0.0,32,63.945253
0.0,143,64.034528
0.0,30,64.053001
0.0,7,64.056976
0.0,69,64.102457
0.0,31,64.121896
0.0,21,64.136915
0.0,51,64.168127
0.0,23,64.183291
0.0,18,64.193309
0.0,7,64.199433
0.0,19,64.211374
0.0,59,64.244545
0.0,20,64.25752
0.0,19,64.267583
0.0,60,64.30124
0.0,25,64.31699
0.0,40,64.340841
0.0,5,64.343406
0.0,18,64.35449
0.0,17,64.36716
0.0,62,64.401015
0.0,29,64.4171
0.0,65,64.458351
0.0,42,64.621492
0.0,13,64.628358
0.0,11,64.633993
0.0,24,64.644959
0.0,43,64.67154
0.0,7,64.676825
0.0,97,64.742267
0.0,45,64.77324
0.0,51,64.80676
0.0,5,64.809669
0.0,21,64.825719
0.0,63,64.869684
0.0,37,64.899965
0.0,41,64.926424
0.0,73,64.994888
0.0,26,65.01441
0.0,107,65.10488
0.0,22,65.117298
0.0,14,65.129668
0.0,29,65.149014
0.0,10,65.173022
0.0,31,65.199945
0.0,26,65.215305
0.0,67,65.255574
0.0,15,65.264079
0.0,29,65.290247
0.0,6,65.293786
0.0,21,65.306439
0.0,14,65.313993
0.0,9,65.318468
0.0,24,65.333554
0.0,12,65.343197
0.0,73,65.546552
0.0,8,65.551942
0.0,18,65.563273
0.0,85,65.623669
0.0,21,65.638589
0.0,45,65.665853
0.0,7,65.671685
0.0,84,65.726184
0.0,34,65.747374
0.0,29,65.766698
0.0,28,65.782769
0.0,25,65.799614
0.0,52,65.829383
0.0,80,65.87575
0.0,75,65.925549
0.0,40,65.948641
0.0,19,65.957522
0.0,42,65.9793
0.0,45,66.00688
0.0,16,66.016237
0.0,15,66.024605
0.0,36,66.047539
0.0,99,66.127033
0.0,26,66.149187
0.0,17,66.161768
0.0,15,66.171265
0.0,44,66.340389
0.0,17,66.351021
0.0,26,66.364401
0.0,75,66.411083
0.0,67,66.449394
0.0,21,66.462966
0.0,21,66.477957
0.0,7,66.484832
0.0,129,66.563421
0.0,38,66.58636
0.0,23,66.611062
0.0,87,66.664487
0.0,66,66.700442
0.0,24,66.713246
0.0,11,66.719072
0.0,57,66.762455
0.0,54,66.808387
0.0,26,66.823248
0.0,24,66.836842
0.0,33,66.855794
0.0,23,66.868566
0.0,55,66.899046
0.0,24,66.910132
0.0,37,66.930494
0.0,21,66.941511
0.0,7,66.946199
0.0,26,67.095704
0.0,19,67.105107
0.0,19,67.116534
0.0,21,67.129027
0.0,25,67.154047
0.0,27,67.190226
0.0,14,67.199175
0.0,11,67.206569
0.0,26,67.226174
0.0,22,67.238352
0.0,29,67.253536
0.0,11,67.258628
0.0,85,67.302914
0.0,19,67.315495
0.0,23,67.329864
0.0,36,67.351889
0.0,8,67.356242
0.0,15,67.364234
0.0,32,67.38203
0.0,9,67.387701
0.0,22,67.403669
0.0,23,67.414486
0.0,10,67.420421
0.0,34,67.438697
0.0,34,67.456936
0.0,20,67.468084
0.0,43,67.489986
0.0,43,67.515595
0.0,77,67.563198
0.0,85,67.611396
0.0,41,67.637249
0.0,11,67.643613
0.0,48,67.673638
0.0,36,67.69748
0.0,46,67.860489
0.0,96,67.929019
0.0,103,68.018194
0.0,71,68.060022
0.0,58,68.094323
0.0,7,68.098569
0.0,94,68.158977
0.0,64,68.221313
0.0,77,68.29457
0.0,23,68.314432
0.0,31,68.339726
0.0,62,68.381459
0.0,11,68.388718
0.0,21,68.401881
0.0,19,68.413244
0.0,65,68.452156
0.0,50,68.479785
0.0,73,68.528374
0.0,60,68.568202
0.0,26,68.584963
0.0,56,68.746351
0.0,26,68.763435
0.0,35,68.783791
0.0,30,68.801121
0.0,27,68.816809
0.0,50,68.850876
0.0,26,68.866195
0.0,48,68.892242
0.0,26,68.908171
0.0,18,68.917928
0.0,11,68.9268
0.0,19,68.937228
0.0,126,69.013477
0.0,55,69.044466
0.0,21,69.0602
0.0,24,69.074625
0.0,11,69.080474
0.0,39,69.104742
0.0,33,69.127421
0.0,13,69.133401
0.0,10,69.138471
0.0,54,69.199744
0.0,99,69.266017
0.0,33,69.285415
0.0,58,69.317203
0.0,7,69.320687
0.0,72,69.359343
0.0,16,69.499384
0.0,93,69.556286
0.0,13,69.563764
0.0,9,69.569589
0.0,17,69.579494
0.0,57,69.613797
0.0,37,69.634507
0.0,13,69.641008
0.0,9,69.645844
0.0,27,69.660119
0.0,69,69.69739
0.0,87,69.748002
0.0,9,69.753475
0.0,35,69.779583
0.0,37,69.807614
0.0,5,69.810764
0.0,68,69.860326
0.0,10,69.866168
0.0,40,69.894389
0.0,45,69.921273
0.0,48,69.955703
0.0,35,69.975954
0.0,14,69.983597
0.0,40,70.005941
0.0,24,70.019825
0.0,38,70.042055
0.0,36,70.061231
0.0,51,70.102571
0.0,13,70.110005
0.0,44,70.268076
0.0,25,70.289595
0.0,14,70.302193
0.0,67,70.356681
0.0,60,70.393595
0.0,15,70.401523
0.0,14,70.411846
0.0,41,70.436511
0.0,17,70.447477
0.0,14,70.458663
0.0,79,70.507173
0.0,12,70.513914
0.0,34,70.535694
0.0,25,70.557132
0.0,19,70.568533
0.0,21,70.581143
0.0,13,70.588081
0.0,51,70.621949
0.0,17,70.630867
0.0,15,70.63972
0.0,17,70.650483
0.0,20,70.663512
0.0,5,70.666534
0.0,11,70.672178
0.0,112,70.751338
0.0,12,70.760121
0.0,13,70.768952
0.0,78,70.819299
0.0,88,70.891568
0.0,15,70.904554
0.0,101,71.139912
0.0,14,71.153173
0.0,36,71.181383
0.0,95,71.240076
0.0,15,71.247431
0.0,24,71.26024
0.0,10,71.266382
0.0,23,71.279095
0.0,28,71.293133
0.0,39,71.316107
0.0,24,71.333466
0.0,72,71.372216
0.0,22,71.386225
0.0,43,71.409086
0.0,78,71.451328
0.0,31,71.466686
0.0,46,71.494908
0.0,59,71.534889
0.0,32,71.552212
0.0,10,71.558508
0.0,9,71.563163
0.0,10,71.569449
0.0,46,71.59913
0.0,44,71.642255
0.0,18,71.656765
0.0,42,71.681183
0.0,10,71.686468
0.0,7,71.690809
0.0,23,71.705821
0.0,7,71.709924
0.0,40,71.731769
0.0,18,71.746502
0.0,34,71.764601
0.0,71,71.940549
0.0,8,71.945352
0.0,37,71.967639
0.0,11,71.973841
0.0,33,71.994213
0.0,28,72.01453
0.0,30,72.03098
0.0,48,72.067181
0.0,68,72.110261
0.0,26,72.125043
0.0,25,72.141483
0.0,37,72.169354
0.0,21,72.181232
0.0,22,72.196346
0.0,12,72.202954
0.0,29,72.2228
0.0,77,72.272714
0.0,27,72.291635
0.0,11,72.297134
0.0,41,72.320009
0.0,8,72.324262
0.0,22,72.34017
0.0,31,72.361634
0.0,71,72.414436
0.0,25,72.428562
0.0,12,72.435381
0.0,15,72.450763
0.0,17,72.460373
0.0,22,72.474174
0.0,78,72.52248
0.0,15,72.533071
0.0,20,72.546422
0.0,32,72.579432
0.0,79,72.771166
0.0,30,72.80665
0.0,36,72.827948
0.0,11,72.834328
0.0,69,72.871333
0.0,19,72.885771
0.0,31,72.906341
0.0,55,72.95834
0.0,13,72.965765
0.0,20,72.977323
0.0,28,72.996198
0.0,50,73.039048
0.0,26,73.056703
0.0,18,73.066795
0.0,19,73.079393
1.0,42,73.105926
0.0,18,73.115696
0.0,39,73.138754
0.0,20,73.149592
0.0,14,73.157278
0.0,5,73.161932
0.0,10,73.169909
0.0,51,73.199095
0.0,10,73.205894
0.0,25,73.225077
0.0,29,73.24439
0.0,14,73.255765
0.0,64,73.29855
0.0,62,73.34208
0.0,45,73.381037
0.0,41,73.407605
0.0,13,73.417667
0.0,50,73.595855
0.0,94,73.660056
0.0,41,73.682337
0.0,21,73.694259
0.0,37,73.716975
0.0,26,73.736645
0.0,50,73.765659
0.0,39,73.786011
0.0,33,73.804472
0.0,19,73.821014
0.0,45,73.853861
0.0,24,73.867396
0.0,5,73.870544
0.0,74,73.945154
0.0,36,73.97796
0.0,25,73.993132
0.0,19,74.007832
0.0,6,74.013042
0.0,71,74.060026
0.0,34,74.081078
0.0,19,74.093431
0.0,17,74.102443
0.0,10,74.108686
0.0,38,74.134613
0.0,14,74.145171
0.0,39,74.171327
0.0,8,74.177282
0.0,6,74.181214
0.0,10,74.186814
0.0,7,74.191004
0.0,77,74.237061
0.0,15,74.25113
0.0,19,74.261177
0.0,51,74.437457
0.0,14,74.44903
0.0,72,74.488743
0.0,17,74.500793
0.0,13,74.509568
0.0,22,74.528899
0.0,84,74.587744
0.0,62,74.627217
0.0,14,74.635232
0.0,10,74.640669
0.0,10,74.648438
0.0,15,74.660546
0.0,36,74.681021
0.0,42,74.705733
0.0,14,74.715869
0.0,10,74.723699
0.0,22,74.742889
0.0,30,74.765122
0.0,53,74.793588
0.0,15,74.801032
0.0,32,74.821533
0.0,49,74.849781
0.0,43,74.880535
0.0,42,74.906968
0.0,35,74.926305
0.0,16,74.935087
0.0,14,74.943602
0.0,22,74.95692
0.0,16,74.965741
0.0,38,74.992431
0.0,29,75.011513
0.0,36,75.030999
0.0,11,75.036823
0.0,46,75.063756
0.0,32,75.227972
0.0,20,75.239961
0.0,20,75.255043
0.0,17,75.264973
0.0,40,75.296226
0.0,23,75.314299
0.0,21,75.327979
0.0,41,75.352161
0.0,57,75.389066
0.0,27,75.405923
0.0,34,75.428713
0.0,17,75.440803
0.0,66,75.480135
0.0,22,75.495104
0.0,33,75.516498
0.0,12,75.523461
0.0,12,75.531324
0.0,5,75.534507
0.0,12,75.542035
0.0,34,75.562205
0.0,35,75.583921
0.0,79,75.63612
0.0,35,75.65956
0.0,19,75.670883
0.0,23,75.68856
0.0,68,75.737046
0.0,45,75.769394
0.0,26,75.78676
0.0,60,75.830779
0.0,53,75.865544
0.0,10,75.871524
0.0,24,75.887814
0.0,74,76.095082
0.0,68,76.138683
0.0,20,76.151788
0.0,106,76.225533
0.0,36,76.246808
0.0,12,76.25443
0.0,29,76.270858
0.0,7,76.274529
0.0,16,76.285746
0.0,5,76.288971
0.0,72,76.335932
0.0,38,76.360599
0.0,23,76.375238
0.0,16,76.384301
0.0,142,76.52387
0.0,24,76.545571
0.0,10,76.552701
0.0,22,76.570726
0.0,19,76.584402
0.0,17,76.595017
0.0,19,76.610777
0.0,16,76.62028
0.0,26,76.633524
0.0,23,76.648982
0.0,37,76.670146
0.0,14,76.679419
0.0,16,76.688577
0.0,24,76.700539
0.0,11,76.707089
0.0,29,76.72452
0.0,72,76.89749
0.0,12,76.905617
0.0,31,76.920482
0.0,46,76.943438
0.0,7,76.947614
0.0,35,76.972679
0.0,22,76.988589
0.0,54,77.024615
0.0,14,77.033261
0.0,19,77.044097
0.0,25,77.059244
0.0,26,77.086835
0.0,16,77.095774
0.0,19,77.105515
0.0,70,77.151056
0.0,25,77.166851
0.0,40,77.192795
0.0,19,77.204168
0.0,70,77.247349
0.0,20,77.261391
0.0,12,77.26932
0.0,68,77.313563
0.0,56,77.341866
0.0,17,77.350481
0.0,17,77.359215
0.0,25,77.372912
0.0,12,77.381642
0.0,10,77.390646
0.0,40,77.419851
0.0,9,77.424419
0.0,17,77.436618
0.0,16,77.44823
0.0,40,77.469744
0.0,42,77.492526
0.0,16,77.502692
0.0,23,77.514927
0.0,14,77.522373
