#{"t_start": 1544905185.159244, "env_id": "FrozenLake8x8-v0"}
r,l,t
0.0,29,3.522734
0.0,104,3.58379
0.0,23,3.597697
0.0,26,3.612584
0.0,42,3.648941
0.0,17,3.663425
0.0,49,3.706045
0.0,15,3.725389
0.0,17,3.743492
0.0,25,3.768239
0.0,36,3.811443
0.0,50,3.874459
0.0,16,3.896404
0.0,22,3.92037
0.0,9,3.928197
0.0,13,3.943961
0.0,13,3.959008
0.0,6,3.962199
0.0,16,3.979896
0.0,11,3.984693
0.0,24,4.018789
0.0,13,4.027274
0.0,29,4.069911
0.0,15,4.079125
0.0,35,4.120674
0.0,40,4.159005
0.0,73,4.22997
0.0,10,4.235608
0.0,24,4.266948
0.0,13,4.272687
0.0,14,4.285826
0.0,125,4.406684
0.0,59,4.461438
0.0,14,4.476712
0.0,16,4.49402
0.0,36,4.522242
0.0,16,4.542934
0.0,14,4.557702
0.0,43,4.591988
0.0,5,4.594037
0.0,20,4.611035
0.0,35,4.655259
0.0,79,4.730055
0.0,25,4.750591
0.0,9,4.764585
0.0,16,4.780312
0.0,114,4.904676
0.0,16,4.934429
0.0,13,4.957238
0.0,53,5.007554
0.0,12,5.022003
0.0,20,5.040807
0.0,84,5.116951
0.0,45,5.156097
0.0,51,5.205822
0.0,8,5.208989
0.0,13,5.222411
0.0,20,5.239177
0.0,19,5.25612
0.0,11,5.260507
0.0,73,5.329134
0.0,30,5.360794
0.0,14,5.366828
0.0,12,5.383693
0.0,43,5.424268
0.0,25,5.446682
0.0,27,5.48146
0.0,38,5.51991
0.0,40,5.551174
0.0,27,5.575807
0.0,43,5.612892
0.0,8,5.615938
0.0,15,5.633021
0.0,57,5.749136
0.0,7,5.753043
0.0,45,5.818991
0.0,32,5.84471
0.0,18,5.861442
0.0,13,5.890721
0.0,57,5.969954
0.0,32,6.005511
0.0,30,6.041332
0.0,11,6.045588
0.0,16,6.060142
0.0,13,6.079563
0.0,16,6.101464
0.0,38,6.130657
0.0,17,6.145225
0.0,13,6.162485
0.0,27,6.180878
0.0,145,6.314114
0.0,40,6.34635
0.0,29,6.368592
0.0,30,6.396585
0.0,14,6.403492
0.0,9,6.420049
0.0,54,6.465918
0.0,34,6.502037
0.0,6,6.50525
0.0,59,6.55156
0.0,48,6.60025
0.0,21,6.622617
0.0,15,6.63809
0.0,26,6.667579
0.0,9,6.671955
0.0,18,6.690351
0.0,43,6.735372
0.0,28,6.767479
0.0,41,6.809596
0.0,19,6.828867
0.0,34,6.858237
0.0,55,6.914204
0.0,30,6.944758
0.0,13,6.949945
0.0,31,6.982873
0.0,16,6.99797
0.0,11,7.00412
0.0,29,7.032859
0.0,12,7.038626
0.0,46,7.086284
0.0,14,7.091853
0.0,37,7.130757
0.0,10,7.146245
0.0,45,7.182668
0.0,12,7.187704
0.0,13,7.201289
0.0,36,7.24009
0.0,10,7.245363
0.0,30,7.277039
0.0,16,7.295587
0.0,18,7.316195
0.0,13,7.322264
0.0,76,7.387934
0.0,32,7.419958
0.0,11,7.425311
0.0,29,7.457203
0.0,47,7.49856
0.0,33,7.531095
0.0,15,7.538055
0.0,27,7.569066
0.0,91,7.642579
0.0,57,7.695621
0.0,27,7.729411
0.0,18,7.794319
0.0,55,7.89348
0.0,20,7.909349
0.0,43,7.947675
0.0,58,7.998285
0.0,44,8.031699
0.0,49,8.080573
0.0,34,8.115411
0.0,12,8.120263
0.0,25,8.138191
0.0,39,8.171776
0.0,12,8.188942
0.0,29,8.209466
0.0,33,8.238014
0.0,17,8.254864
0.0,87,8.364727
0.0,7,8.380218
0.0,35,8.418436
0.0,82,8.502881
0.0,48,8.551649
0.0,85,8.618294
0.0,8,8.630116
0.0,16,8.63783
0.0,62,8.708479
0.0,36,8.748901
0.0,10,8.764798
0.0,32,8.795707
0.0,21,8.822644
0.0,68,8.889525
0.0,37,8.923783
0.0,87,9.004146
0.0,7,9.008204
0.0,35,9.053226
0.0,21,9.075125
0.0,14,9.089203
0.0,17,9.10423
0.0,13,9.110617
0.0,20,9.131066
0.0,37,9.166577
0.0,14,9.187166
0.0,6,9.190766
0.0,13,9.206321
0.0,31,9.230449
0.0,33,9.270947
0.0,30,9.306106
0.0,60,9.379505
0.0,115,9.493715
0.0,51,9.550254
0.0,15,9.566685
0.0,49,9.611491
0.0,14,9.62946
0.0,47,9.671263
0.0,27,9.696015
0.0,5,9.706354
0.0,29,9.730149
0.0,10,9.745759
0.0,9,9.75017
0.0,25,9.775896
0.0,74,9.869902
0.0,90,9.975676
0.0,31,10.00185
0.0,33,10.032066
0.0,16,10.050158
0.0,33,10.077455
0.0,32,10.115964
0.0,107,10.210791
0.0,11,10.235681
0.0,44,10.302306
0.0,17,10.327393
0.0,53,10.406984
0.0,36,10.467153
0.0,41,10.523763
0.0,26,10.558151
0.0,35,10.587967
0.0,10,10.602509
0.0,31,10.625741
0.0,63,10.682562
0.0,22,10.717047
0.0,7,10.720423
0.0,40,10.758779
0.0,51,10.806406
0.0,19,10.830913
0.0,21,10.854933
0.0,31,10.903099
0.0,28,10.948696
0.0,48,11.001367
0.0,46,11.057111
0.0,21,11.075346
0.0,96,11.17585
0.0,35,11.217412
0.0,18,11.235959
0.0,19,11.253884
0.0,26,11.277184
0.0,35,11.321629
0.0,24,11.345804
0.0,34,11.380416
0.0,10,11.384675
0.0,12,11.399225
0.0,14,11.406625
0.0,50,11.460353
0.0,27,11.487598
0.0,15,11.503127
0.0,58,11.560665
0.0,10,11.567544
0.0,7,11.582477
0.0,11,11.58741
0.0,10,11.603704
0.0,20,11.624557
0.0,36,11.663088
0.0,59,11.712182
0.0,65,11.77528
0.0,21,11.79125
0.0,21,11.808449
0.0,46,11.844422
0.0,26,11.862793
0.0,53,11.906806
0.0,32,11.943962
0.0,16,11.951992
0.0,23,11.977391
0.0,10,11.981316
0.0,55,12.032512
0.0,19,12.052465
0.0,18,12.070665
0.0,30,12.101859
0.0,19,12.118578
0.0,47,12.166893
0.0,20,12.182732
0.0,111,12.289929
0.0,39,12.341753
0.0,12,12.359308
0.0,51,12.406287
0.0,63,12.46188
0.0,49,12.505703
0.0,11,12.510133
0.0,21,12.52687
0.0,17,12.543269
0.0,34,12.581298
0.0,24,12.602635
0.0,28,12.629601
0.0,39,12.655819
0.0,41,12.70278
0.0,36,12.725539
0.0,14,12.74067
0.0,68,12.797883
0.0,12,12.812205
0.0,78,12.879045
0.0,62,12.934549
0.0,29,12.956369
0.0,37,12.997429
0.0,10,13.014133
0.0,32,13.039881
0.0,24,13.07041
0.0,11,13.075902
0.0,59,13.137918
0.0,7,13.140677
0.0,36,13.17823
0.0,17,13.197347
0.0,51,13.245703
0.0,38,13.279713
0.0,20,13.297809
0.0,17,13.306263
0.0,22,13.337588
0.0,11,13.342945
0.0,43,13.379892
0.0,18,13.396586
0.0,55,13.45475
0.0,14,13.470922
0.0,29,13.496724
0.0,43,13.543968
0.0,12,13.559652
0.0,42,13.60152
0.0,13,13.618635
0.0,33,13.648912
0.0,32,13.681465
0.0,121,13.807277
0.0,11,13.812486
0.0,91,13.904058
0.0,29,13.926205
0.0,24,13.988876
0.0,30,14.023683
0.0,28,14.05434
0.0,24,14.089165
0.0,85,14.173607
0.0,103,14.28463
0.0,88,14.367847
0.0,25,14.39423
0.0,48,14.431016
0.0,19,14.451408
0.0,45,14.494842
0.0,9,14.510697
0.0,46,14.553092
0.0,27,14.579947
0.0,76,14.661777
0.0,18,14.686356
0.0,61,14.754529
0.0,11,14.772781
0.0,38,14.815798
0.0,7,14.820027
0.0,80,14.900813
0.0,16,14.917519
0.0,103,15.029958
0.0,55,15.097212
0.0,56,15.155217
0.0,39,15.198622
0.0,74,15.281868
0.0,37,15.321044
0.0,40,15.355643
0.0,9,15.359275
0.0,27,15.394835
0.0,29,15.424347
0.0,14,15.441706
0.0,12,15.463826
0.0,9,15.471407
0.0,31,15.509815
0.0,20,15.531901
0.0,16,15.541428
0.0,28,15.579543
0.0,31,15.614129
0.0,7,15.629443
0.0,28,15.658058
0.0,12,15.68154
0.0,17,15.701366
0.0,46,15.768328
0.0,12,15.773982
0.0,33,15.820646
0.0,17,15.838208
0.0,21,15.859117
0.0,19,15.879406
0.0,21,15.900234
0.0,26,15.921729
0.0,18,15.939671
0.0,38,15.978435
0.0,12,15.991697
0.0,63,16.058439
0.0,10,16.063758
0.0,10,16.077847
0.0,14,16.0867
0.0,49,16.146313
0.0,29,16.172774
0.0,19,16.190827
0.0,34,16.234832
0.0,14,16.251532
0.0,9,16.256124
0.0,20,16.277792
0.0,14,16.298922
0.0,37,16.337772
0.0,26,16.358292
0.0,22,16.376002
0.0,28,16.407242
0.0,38,16.435631
0.0,41,16.474802
0.0,28,16.507693
0.0,45,16.551681
0.0,86,16.632123
0.0,16,16.658297
0.0,16,16.681275
0.0,9,16.686764
0.0,20,16.704243
0.0,43,16.75212
0.0,109,16.851289
0.0,23,16.869542
0.0,5,16.871576
0.0,45,16.912419
0.0,30,16.93414
0.0,17,16.954936
0.0,29,16.986071
0.0,24,17.004011
0.0,20,17.022846
0.0,17,17.042127
0.0,42,17.085873
0.0,47,17.136693
0.0,17,17.152709
0.0,22,17.171005
0.0,14,17.186015
0.0,19,17.205385
0.0,9,17.210392
0.0,17,17.229749
0.0,10,17.233784
0.0,57,17.290601
0.0,19,17.31184
0.0,59,17.366585
0.0,17,17.381839
0.0,54,17.426442
0.0,15,17.432389
0.0,21,17.456822
0.0,8,17.460081
0.0,13,17.477547
0.0,24,17.494792
0.0,34,17.515761
0.0,14,17.529075
0.0,38,17.560371
0.0,15,17.575763
0.0,49,17.610493
0.0,33,17.639462
0.0,44,17.675234
0.0,41,17.717731
0.0,15,17.735798
0.0,17,17.753241
0.0,20,17.772515
0.0,27,17.794202
0.0,12,17.806496
0.0,47,17.839869
0.0,12,17.852237
0.0,86,17.937259
0.0,47,17.978535
0.0,22,17.994794
0.0,26,18.023854
0.0,11,18.029436
0.0,28,18.065187
0.0,50,18.107794
0.0,59,18.169197
0.0,22,18.191025
0.0,44,18.229274
0.0,36,18.258628
0.0,42,18.294838
0.0,90,18.38377
0.0,70,18.443457
0.0,64,18.501858
0.0,11,18.506261
0.0,15,18.525921
0.0,62,18.592625
0.0,64,18.654818
0.0,35,18.691037
0.0,25,18.712755
0.0,30,18.74884
0.0,29,18.773249
0.0,10,18.784913
0.0,23,18.801437
0.0,25,18.818805
0.0,54,18.870735
0.0,13,18.876087
0.0,42,18.914946
0.0,32,18.954465
0.0,38,18.987776
0.0,12,19.00157
0.0,19,19.011652
0.0,24,19.042874
0.0,86,19.117989
0.0,34,19.154489
0.0,15,19.162876
0.0,36,19.193808
0.0,8,19.204664
0.0,32,19.226373
0.0,26,19.25557
0.0,75,19.317057
0.0,28,19.352586
0.0,72,19.404172
0.0,51,19.448388
0.0,9,19.45263
0.0,21,19.469718
0.0,19,19.485085
0.0,29,19.511768
0.0,16,19.525576
0.0,47,19.559992
0.0,41,19.592407
0.0,41,19.626862
0.0,24,19.648757
0.0,5,19.651201
0.0,50,19.706553
0.0,14,19.723443
0.0,54,19.770856
0.0,54,19.817557
0.0,20,19.832894
0.0,31,19.860996
0.0,24,19.881739
0.0,31,19.906798
0.0,54,19.950656
0.0,51,19.998282
0.0,54,20.041996
0.0,6,20.05366
0.0,23,20.073819
0.0,31,20.097046
0.0,36,20.133138
0.0,19,20.150776
0.0,33,20.18548
0.0,74,20.239458
0.0,52,20.283273
0.0,15,20.297833
0.0,37,20.331917
0.0,32,20.356693
0.0,29,20.388158
0.0,5,20.390944
0.0,37,20.432884
0.0,48,20.47269
0.0,43,20.514216
0.0,10,20.526106
0.0,51,20.562695
0.0,12,20.575448
0.0,6,20.578582
0.0,11,20.59371
0.0,64,20.651497
0.0,13,20.669383
0.0,32,20.690343
0.0,20,20.707127
0.0,32,20.743599
0.0,56,20.793334
0.0,57,20.832524
0.0,22,20.862982
0.0,33,20.888269
0.0,24,20.91272
0.0,10,20.926945
0.0,26,20.948151
0.0,19,20.963462
0.0,25,20.98097
0.0,39,21.016351
0.0,34,21.051378
0.0,9,21.064901
0.0,44,21.103478
0.0,25,21.126523
0.0,84,21.191592
0.0,33,21.219871
0.0,27,21.238328
0.0,29,21.26514
0.0,21,21.281091
0.0,19,21.299721
0.0,27,21.319463
0.0,35,21.354218
0.0,22,21.374539
0.0,19,21.392775
0.0,24,21.414606
0.0,24,21.436859
0.0,71,21.5052
0.0,26,21.526972
0.0,15,21.544433
0.0,57,21.596572
0.0,16,21.602817
0.0,9,21.614808
0.0,13,21.630077
0.0,26,21.652401
0.0,49,21.696073
0.0,15,21.709779
0.0,60,21.764889
0.0,95,21.861755
0.0,60,21.921323
0.0,8,21.924528
0.0,68,21.986189
0.0,16,21.992512
0.0,44,22.032655
0.0,41,22.066834
0.0,26,22.08643
0.0,13,22.099231
0.0,17,22.105925
0.0,20,22.121387
0.0,9,22.132651
0.0,22,22.152528
0.0,8,22.156149
0.0,36,22.196596
0.0,60,22.254699
0.0,11,22.27011
0.0,14,22.276659
0.0,22,22.306641
0.0,93,22.389656
0.0,28,22.422334
0.0,10,22.426775
0.0,7,22.429666
0.0,22,22.46177
0.0,89,22.5311
0.0,7,22.533877
0.0,8,22.544733
0.0,24,22.565436
0.0,63,22.62478
0.0,57,22.682583
0.0,15,22.701194
0.0,25,22.723409
0.0,40,22.755636
0.0,18,22.770611
0.0,32,22.790715
0.0,35,22.83264
0.0,67,22.891751
0.0,18,22.899888
0.0,44,22.94993
0.0,63,23.001791
0.0,11,23.00613
0.0,53,23.065741
0.0,34,23.1058
0.0,30,23.128185
0.0,66,23.186466
0.0,15,23.204255
0.0,20,23.223698
0.0,23,23.24394
0.0,39,23.284469
0.0,52,23.342642
0.0,49,23.377564
0.0,35,23.409768
0.0,11,23.427434
0.0,6,23.430421
0.0,18,23.448167
0.0,14,23.473788
0.0,58,23.540555
0.0,31,23.57555
0.0,38,23.612717
0.0,15,23.628519
0.0,26,23.648669
0.0,18,23.667109
0.0,16,23.686037
0.0,38,23.719984
1.0,96,23.804832
0.0,12,23.822034
0.0,57,23.879953
0.0,16,23.896935
0.0,19,23.916678
0.0,38,23.939998
0.0,11,23.955176
0.0,17,23.970616
0.0,37,24.013669
0.0,14,24.019509
0.0,36,24.052568
0.0,32,24.095199
0.0,10,24.102267
0.0,35,24.135
0.0,66,24.188504
0.0,20,24.204118
0.0,36,24.233412
0.0,10,24.245136
0.0,13,24.250252
0.0,41,24.28655
0.0,18,24.306544
0.0,15,24.323295
0.0,62,24.387259
0.0,17,24.406186
0.0,23,24.427909
0.0,13,24.443454
0.0,19,24.45856
0.0,20,24.476678
0.0,27,24.496637
0.0,16,24.510428
0.0,28,24.528756
0.0,51,24.573251
0.0,30,24.593038
0.0,102,24.677228
0.0,81,24.759938
0.0,32,24.796637
0.0,19,24.812473
0.0,10,24.824059
0.0,22,24.84047
0.0,34,24.862317
0.0,38,24.901396
0.0,20,24.916998
0.0,13,24.929851
0.0,23,24.946855
0.0,26,24.964649
0.0,22,24.981544
0.0,63,25.053229
0.0,11,25.058303
0.0,18,25.077625
0.0,86,25.1576
0.0,29,25.188939
0.0,18,25.20865
0.0,39,25.249574
0.0,47,25.286708
0.0,13,25.299567
0.0,68,25.355936
0.0,16,25.369833
0.0,17,25.386201
0.0,36,25.41383
0.0,37,25.454487
0.0,75,25.534158
0.0,14,25.550919
0.0,21,25.572038
0.0,42,25.609436
0.0,94,25.713733
0.0,44,25.747208
0.0,6,25.749573
0.0,90,25.82372
0.0,51,25.867844
0.0,28,25.902895
0.0,38,25.930169
0.0,71,25.997775
0.0,16,26.011606
0.0,20,26.027021
0.0,56,26.085041
0.0,10,26.089302
0.0,25,26.108974
0.0,56,26.159058
0.0,24,26.178538
0.0,32,26.210929
0.0,9,26.2146
0.0,26,26.241635
0.0,58,26.294942
0.0,38,26.324783
0.0,40,26.356716
0.0,43,26.40284
0.0,15,26.409733
0.0,15,26.426232
0.0,16,26.444625
0.0,12,26.465093
0.0,23,26.486955
0.0,12,26.493309
0.0,18,26.510964
0.0,11,26.525268
0.0,33,26.547613
0.0,8,26.559744
0.0,21,26.58452
0.0,32,26.608802
0.0,10,26.621706
0.0,41,26.656898
0.0,13,26.676122
0.0,19,26.694259
0.0,40,26.735259
0.0,39,26.773578
0.0,22,26.793524
0.0,57,26.848613
0.0,20,26.864241
0.0,13,26.870124
0.0,12,26.887997
0.0,48,26.922896
0.0,27,26.950772
0.0,19,26.958371
0.0,7,26.968919
0.0,21,26.988876
0.0,14,27.00938
0.0,26,27.032933
0.0,18,27.053185
0.0,31,27.076153
0.0,27,27.102673
0.0,42,27.134227
0.0,18,27.149024
0.0,43,27.186452
0.0,46,27.223775
0.0,11,27.235808
0.0,90,27.30988
0.0,11,27.331152
0.0,20,27.347959
0.0,28,27.373262
0.0,11,27.387668
0.0,8,27.391813
0.0,34,27.430978
0.0,31,27.455679
0.0,47,27.509663
0.0,57,27.567222
0.0,13,27.572664
0.0,62,27.630695
0.0,43,27.66666
0.0,13,27.679447
0.0,31,27.707944
0.0,18,27.723033
0.0,19,27.730561
0.0,24,27.755334
0.0,24,27.772269
0.0,59,27.82327
0.0,9,27.827054
0.0,21,27.848091
0.0,7,27.861716
0.0,16,27.868581
0.0,11,27.884669
0.0,31,27.917078
0.0,36,27.93855
0.0,33,27.966738
0.0,17,27.980935
0.0,42,28.016289
0.0,30,28.040738
0.0,82,28.118111
0.0,84,28.195891
0.0,87,28.27417
0.0,93,28.354543
0.0,9,28.358086
0.0,12,28.370358
0.0,11,28.374657
0.0,33,28.403324
0.0,35,28.432122
0.0,29,28.459499
0.0,19,28.479364
0.0,21,28.50218
0.0,6,28.513518
0.0,8,28.518725
0.0,35,28.553182
0.0,10,28.557768
0.0,21,28.576764
0.0,17,28.598119
0.0,41,28.636032
0.0,25,28.66215
0.0,16,28.680298
0.0,19,28.702642
0.0,22,28.727985
0.0,21,28.747433
0.0,6,28.763864
0.0,24,28.788939
0.0,47,28.82859
0.0,17,28.846742
0.0,30,28.875974
0.0,9,28.891078
0.0,81,28.958713
0.0,57,29.016364
0.0,8,29.020323
0.0,28,29.054289
0.0,80,29.127113
0.0,20,29.143074
0.0,28,29.166944
0.0,27,29.190234
0.0,101,29.280396
0.0,6,29.290542
0.0,73,29.343453
0.0,24,29.370421
0.0,18,29.377752
0.0,18,29.39418
0.0,38,29.427879
0.0,18,29.442561
0.0,30,29.473906
0.0,69,29.540773
0.0,23,29.557439
0.0,7,29.567964
0.0,48,29.605175
0.0,15,29.623566
0.0,22,29.645378
0.0,83,29.713355
0.0,14,29.72635
0.0,101,29.809907
0.0,30,29.83181
0.0,6,29.843572
0.0,24,29.865091
0.0,18,29.883036
0.0,50,29.926112
0.0,19,29.945598
0.0,19,29.964469
0.0,16,29.981296
0.0,17,29.999451
0.0,33,30.028546
0.0,10,30.044578
0.0,36,30.075201
0.0,84,30.152207
0.0,14,30.167637
0.0,22,30.184898
0.0,35,30.207112
0.0,56,30.259062
0.0,21,30.275641
0.0,75,30.343653
0.0,90,30.436947
0.0,35,30.469251
0.0,21,30.490084
0.0,11,30.503688
0.0,66,30.567459
0.0,53,30.621357
0.0,57,30.682158
0.0,19,30.699208
0.0,32,30.723516
0.0,80,30.803288
0.0,46,30.853304
0.0,60,30.900991
0.0,79,30.95468
0.0,17,30.968873
0.0,17,30.983242
0.0,9,30.994321
0.0,17,31.002444
0.0,16,31.018047
0.0,33,31.047329
0.0,31,31.069145
0.0,12,31.081785
0.0,25,31.102587
0.0,23,31.122698
0.0,50,31.169516
0.0,87,31.233443
0.0,43,31.271949
0.0,22,31.305334
0.0,80,31.370359
0.0,59,31.4288
0.0,14,31.434343
0.0,28,31.466003
0.0,31,31.486171
0.0,15,31.49948
0.0,56,31.544016
0.0,38,31.574483
0.0,96,31.641889
0.0,17,31.65603
0.0,31,31.686203
0.0,19,31.703639
0.0,5,31.70607
0.0,57,31.7612
0.0,5,31.763308
0.0,83,31.841795
0.0,24,31.863086
0.0,40,31.902569
0.0,13,31.915301
0.0,14,31.928217
0.0,20,31.943463
0.0,13,31.948483
0.0,18,31.963012
0.0,30,31.994755
0.0,9,31.99871
0.0,49,32.05456
0.0,12,32.060094
0.0,45,32.109562
0.0,8,32.112951
0.0,17,32.131967
0.0,21,32.152785
0.0,21,32.173205
0.0,17,32.191975
0.0,14,32.206857
0.0,51,32.251151
0.0,31,32.28499
0.0,13,32.290508
0.0,33,32.326447
0.0,27,32.349679
0.0,41,32.383468
0.0,24,32.409074
0.0,32,32.434134
0.0,31,32.464994
0.0,24,32.487261
0.0,37,32.52605
0.0,63,32.573603
0.0,13,32.587579
0.0,79,32.653481
0.0,21,32.677106
0.0,7,32.679957
0.0,16,32.69392
0.0,32,32.71823
0.0,46,32.766428
0.0,30,32.785702
0.0,44,32.818766
0.0,11,32.835474
0.0,18,32.851106
0.0,41,32.886283
0.0,25,32.908601
0.0,64,32.962004
0.0,26,32.988101
0.0,80,33.054426
0.0,7,33.057332
0.0,62,33.115208
0.0,28,33.141079
0.0,36,33.17034
0.0,21,33.185945
0.0,10,33.197364
0.0,11,33.201589
0.0,28,33.227646
0.0,9,33.231175
0.0,21,33.247862
0.0,22,33.263759
0.0,43,33.295446
0.0,11,33.307482
0.0,7,33.310229
0.0,23,33.326913
0.0,8,33.337607
0.0,11,33.342007
0.0,38,33.378696
0.0,34,33.407252
0.0,21,33.423113
0.0,26,33.444635
0.0,37,33.477944
0.0,36,33.514994
0.0,12,33.529362
0.0,14,33.536212
0.0,30,33.569923
0.0,54,33.624202
0.0,33,33.65023
0.0,10,33.666332
0.0,31,33.68949
0.0,6,33.700891
0.0,35,33.725747
0.0,8,33.73661
0.0,42,33.770046
0.0,63,33.817065
0.0,33,33.845088
0.0,15,33.850883
0.0,15,33.864176
0.0,47,33.900723
0.0,21,33.916269
0.0,7,33.926612
0.0,92,33.998123
0.0,12,34.0103
0.0,9,34.013792
0.0,33,34.042074
0.0,41,34.076877
0.0,21,34.099097
0.0,114,34.190153
0.0,22,34.206043
0.0,38,34.235434
0.0,40,34.265948
0.0,19,34.281028
0.0,5,34.283107
0.0,11,34.300072
0.0,42,34.339741
0.0,17,34.356781
0.0,90,34.440727
0.0,18,34.455314
0.0,22,34.471337
0.0,14,34.484339
0.0,13,34.489326
0.0,104,34.595341
1.0,130,34.71299
0.0,23,34.734181
0.0,44,34.794514
0.0,15,34.801819
0.0,33,34.836976
0.0,49,34.873039
0.0,23,34.89733
0.0,43,34.935053
0.0,46,34.977617
0.0,11,34.989729
0.0,32,35.014052
0.0,18,35.031911
0.0,14,35.047822
0.0,43,35.083434
0.0,15,35.097305
0.0,19,35.117562
0.0,71,35.168007
0.0,62,35.214721
0.0,10,35.228545
0.0,34,35.249666
0.0,18,35.264373
0.0,50,35.306419
0.0,18,35.32594
0.0,16,35.339952
0.0,33,35.360281
0.0,7,35.370663
0.0,11,35.374996
0.0,41,35.406298
0.0,65,35.46417
0.0,17,35.483806
0.0,99,35.572189
0.0,73,35.651728
0.0,105,35.765659
0.0,14,35.783373
0.0,37,35.813228
0.0,19,35.828496
0.0,16,35.834768
0.0,24,35.86008
0.0,72,35.910639
0.0,60,35.957345
0.0,71,36.015769
0.0,28,36.038123
0.0,45,36.077279
0.0,51,36.133251
0.0,7,36.136841
0.0,29,36.172906
0.0,44,36.215939
0.0,26,36.237327
0.0,30,36.264518
0.0,13,36.271976
0.0,5,36.285466
0.0,17,36.293324
0.0,62,36.365896
0.0,47,36.403451
0.0,45,36.436344
0.0,17,36.450701
0.0,44,36.485648
0.0,14,36.50375
0.0,10,36.508794
0.0,23,36.538301
0.0,87,36.608102
0.0,44,36.646385
0.0,15,36.663591
0.0,29,36.688387
0.0,17,36.704115
0.0,44,36.748182
0.0,8,36.760875
0.0,27,36.783565
0.0,96,36.866331
0.0,180,37.034407
0.0,22,37.055618
0.0,28,37.080254
0.0,23,37.111131
0.0,19,37.131089
0.0,36,37.159823
0.0,86,37.256726
0.0,34,37.283916
0.0,28,37.314251
0.0,71,37.372414
0.0,20,37.387885
0.0,31,37.415878
0.0,20,37.434133
0.0,5,37.436874
0.0,79,37.500798
0.0,15,37.514528
0.0,7,37.518104
0.0,47,37.559349
0.0,19,37.578057
0.0,30,37.609042
0.0,74,37.680895
0.0,15,37.688102
0.0,5,37.699133
0.0,26,37.720177
0.0,25,37.739795
0.0,17,37.755871
0.0,10,37.772793
0.0,18,37.780668
0.0,15,37.798816
0.0,6,37.801324
0.0,12,37.817827
0.0,9,37.830158
0.0,20,37.84904
0.0,19,37.858957
0.0,12,37.877063
0.0,25,37.89693
0.0,23,37.918277
0.0,30,37.952889
0.0,73,38.023814
0.0,22,38.04009
0.0,34,38.062948
0.0,15,38.082069
0.0,12,38.096733
0.0,73,38.160988
0.0,9,38.177712
0.0,24,38.201014
0.0,10,38.21619
0.0,49,38.260625
0.0,67,38.314191
0.0,16,38.329121
0.0,100,38.422705
0.0,32,38.450181
0.0,13,38.455199
0.0,19,38.471883
0.0,17,38.490974
0.0,8,38.503682
0.0,14,38.511167
0.0,19,38.52893
0.0,32,38.55717
0.0,28,38.577686
0.0,18,38.595229
0.0,26,38.617283
0.0,9,38.630033
0.0,8,38.634062
0.0,11,38.649307
0.0,55,38.699033
0.0,66,38.755628
0.0,33,38.783744
0.0,108,38.888619
0.0,18,38.908001
0.0,9,38.912146
0.0,13,38.929579
0.0,15,38.945867
0.0,59,38.995633
0.0,42,39.028674
0.0,10,39.033115
0.0,48,39.086475
0.0,77,39.164522
0.0,17,39.173697
0.0,27,39.205336
0.0,34,39.226204
0.0,30,39.253153
0.0,42,39.28488
0.0,19,39.300962
0.0,22,39.317413
0.0,30,39.344445
0.0,10,39.348375
0.0,13,39.361
0.0,20,39.376369
0.0,47,39.409927
0.0,31,39.437921
0.0,23,39.45437
0.0,16,39.468175
0.0,22,39.484514
0.0,8,39.487643
0.0,23,39.505105
0.0,69,39.576505
0.0,33,39.600877
0.0,29,39.630034
0.0,55,39.681605
0.0,17,39.690539
0.0,7,39.704517
0.0,50,39.751911
0.0,11,39.765917
0.0,34,39.792048
0.0,41,39.838028
0.0,76,39.89229
0.0,32,39.920405
0.0,10,39.924795
0.0,15,39.942687
0.0,47,39.983843
0.0,22,40.000233
0.0,65,40.058472
0.0,56,40.115808
0.0,6,40.118273
0.0,97,40.206391
0.0,18,40.221158
0.0,15,40.227029
0.0,52,40.280739
0.0,12,40.29552
0.0,54,40.342831
0.0,8,40.358235
0.0,17,40.376777
0.0,65,40.435614
0.0,41,40.472945
0.0,56,40.51783
0.0,19,40.536754
0.0,38,40.573869
0.0,37,40.602111
0.0,47,40.648073
0.0,30,40.672514
0.0,61,40.731317
0.0,18,40.751309
0.0,50,40.798865
0.0,20,40.814276
0.0,12,40.818983
0.0,17,40.835034
0.0,14,40.850382
0.0,18,40.868023
0.0,20,40.887512
0.0,26,40.912828
0.0,22,40.93134
0.0,84,41.009654
0.0,51,41.057745
0.0,29,41.079085
0.0,119,41.197212
0.0,19,41.216012
0.0,8,41.229089
0.0,8,41.233426
0.0,36,41.272856
0.0,61,41.334258
0.0,11,41.340135
0.0,11,41.35446
0.0,30,41.382353
0.0,77,41.457167
0.0,16,41.471317
0.0,8,41.482174
0.0,11,41.486588
0.0,39,41.527081
0.0,84,41.612855
0.0,21,41.635237
0.0,13,41.649815
0.0,46,41.698039
0.0,86,41.771541
0.0,38,41.793874
0.0,60,41.845457
0.0,38,41.885896
0.0,15,41.904346
0.0,28,41.938282
1.0,44,41.974742
0.0,16,41.991333
0.0,6,41.994493
0.0,5,41.9969
0.0,58,42.052753
0.0,27,42.074411
0.0,124,42.19622
0.0,13,42.202387
0.0,47,42.249856
0.0,49,42.283947
0.0,33,42.311833
0.0,10,42.315948
0.0,27,42.334007
0.0,35,42.362957
0.0,43,42.397556
0.0,74,42.475915
0.0,37,42.517437
0.0,13,42.531391
0.0,43,42.569484
0.0,42,42.607106
0.0,29,42.632788
0.0,19,42.651238
1.0,59,42.697237
0.0,24,42.7198
0.0,32,42.754186
0.0,11,42.767969
0.0,23,42.789436
0.0,61,42.847804
0.0,27,42.873485
0.0,77,42.947853
0.0,12,42.964835
0.0,37,42.9958
0.0,9,43.009603
0.0,17,43.029678
0.0,14,43.035576
0.0,13,43.052357
0.0,38,43.086236
0.0,23,43.109304
0.0,77,43.193195
0.0,20,43.215715
0.0,47,43.253819
0.0,13,43.267759
0.0,9,43.272347
0.0,6,43.284509
0.0,43,43.316031
0.0,8,43.319144
0.0,80,43.380409
0.0,9,43.391635
0.0,41,43.422717
0.0,31,43.443616
0.0,49,43.495468
0.0,43,43.527443
0.0,31,43.546944
0.0,13,43.561368
0.0,8,43.56562
0.0,20,43.582418
0.0,32,43.616184
0.0,46,43.657254
0.0,31,43.685391
0.0,30,43.708106
0.0,11,43.721093
0.0,10,43.724927
0.0,24,43.750457
0.0,9,43.755174
0.0,22,43.774546
0.0,19,43.791815
0.0,35,43.820443
0.0,19,43.835577
0.0,25,43.852788
0.0,37,43.883779
0.0,61,43.932286
0.0,37,43.962085
0.0,23,43.982929
0.0,26,44.010029
0.0,58,44.056208
0.0,29,44.087899
0.0,44,44.121056
0.0,162,44.263568
0.0,13,44.281976
0.0,10,44.287394
0.0,41,44.324693
0.0,31,44.3557
0.0,61,44.402499
0.0,7,44.405279
0.0,45,44.442951
0.0,15,44.46171
0.0,16,44.480142
0.0,7,44.483392
0.0,29,44.516684
0.0,47,44.558777
0.0,25,44.57633
0.0,37,44.606297
0.0,9,44.617568
0.0,29,44.636742
0.0,8,44.639936
0.0,25,44.677213
0.0,7,44.680504
0.0,29,44.714318
0.0,159,44.84093
0.0,19,44.859247
0.0,22,44.883249
0.0,24,44.900369
0.0,23,44.917198
0.0,24,44.934312
0.0,31,44.967593
0.0,44,45.010089
0.0,14,45.027906
0.0,20,45.044006
0.0,20,45.059457
0.0,17,45.066128
0.0,34,45.094843
0.0,10,45.10658
0.0,49,45.161035
0.0,42,45.199233
0.0,25,45.216429
0.0,24,45.240941
0.0,12,45.245893
0.0,15,45.264568
0.0,26,45.287693
0.0,17,45.307294
0.0,24,45.331527
0.0,18,45.34944
0.0,37,45.387977
0.0,15,45.4044
0.0,11,45.41029
0.0,15,45.426607
0.0,33,45.460769
0.0,53,45.498598
0.0,7,45.509142
0.0,10,45.513097
0.0,50,45.556708
0.0,14,45.563437
0.0,40,45.603281
0.0,21,45.622768
0.0,25,45.653792
0.0,33,45.702536
0.0,29,45.738911
0.0,50,45.783908
0.0,75,45.855373
0.0,45,45.891225
0.0,14,45.910045
0.0,17,45.929694
0.0,43,45.969463
0.0,24,45.991175
0.0,14,46.00878
0.0,11,46.014204
0.0,25,46.047069
0.0,42,46.089238
0.0,15,46.108403
0.0,80,46.183107
0.0,40,46.223955
0.0,25,46.247037
0.0,59,46.299654
0.0,92,46.375608
0.0,69,46.44177
0.0,13,46.447963
0.0,27,46.478764
0.0,20,46.495804
0.0,35,46.528237
0.0,24,46.548979
0.0,41,46.588942
0.0,56,46.646789
0.0,25,46.667084
0.0,38,46.697649
0.0,12,46.702398
0.0,24,46.733293
0.0,61,46.786198
0.0,31,46.806431
0.0,50,46.86046
0.0,21,46.880207
0.0,35,46.906662
0.0,18,46.92395
0.0,22,46.940219
0.0,22,46.964219
0.0,12,46.968992
0.0,43,47.001243
0.0,69,47.077271
0.0,16,47.094498
0.0,33,47.119184
0.0,17,47.134628
0.0,87,47.20966
0.0,22,47.234883
0.0,43,47.279992
0.0,137,47.406611
0.0,26,47.424726
0.0,25,47.442445
0.0,14,47.45765
0.0,23,47.475463
0.0,40,47.507173
0.0,11,47.511518
0.0,8,47.522382
0.0,25,47.53985
0.0,72,47.598124
0.0,40,47.628788
0.0,37,47.668757
0.0,33,47.688895
0.0,40,47.71947
0.0,53,47.764577
0.0,19,47.779534
0.0,51,47.814314
0.0,16,47.828168
0.0,12,47.840423
0.0,64,47.887964
0.0,22,47.903918
0.0,31,47.930927
0.0,29,47.950778
0.0,36,47.988111
0.0,15,48.006726
0.0,18,48.021363
0.0,12,48.026095
0.0,37,48.057909
0.0,34,48.087388
0.0,101,48.164944
0.0,64,48.221422
0.0,16,48.237362
0.0,24,48.257028
0.0,6,48.259489
0.0,83,48.335562
0.0,14,48.348889
0.0,22,48.365797
0.0,9,48.38145
0.0,10,48.386523
0.0,25,48.405002
0.0,16,48.418922
0.0,29,48.445229
0.0,80,48.514327
0.0,17,48.521478
0.0,7,48.536669
0.0,20,48.556399
0.0,14,48.569335
0.0,32,48.589353
0.0,12,48.601596
0.0,18,48.616266
0.0,22,48.632334
0.0,32,48.652097
0.0,11,48.664083
0.0,26,48.681936
0.0,28,48.709065
0.0,6,48.712006
0.0,48,48.753612
0.0,14,48.771472
0.0,22,48.787791
0.0,13,48.800678
0.0,12,48.805984
0.0,37,48.835342
0.0,15,48.848782
0.0,15,48.862378
0.0,34,48.882966
0.0,30,48.911955
0.0,22,48.933448
0.0,10,48.937522
0.0,44,48.987468
0.0,35,49.012843
0.0,16,49.028703
0.0,29,49.060078
0.0,7,49.063771
0.0,30,49.096593
0.0,42,49.136503
0.0,45,49.170789
0.0,14,49.183786
0.0,7,49.186561
0.0,38,49.216692
0.0,61,49.277825
0.0,23,49.298092
0.0,11,49.314224
0.0,35,49.340185
0.0,36,49.37844
0.0,57,49.43679
0.0,11,49.448829
0.0,41,49.480401
0.0,12,49.485166
0.0,21,49.501012
0.0,13,49.513856
0.0,14,49.530079
0.0,65,49.586487
0.0,24,49.608073
0.0,10,49.621975
0.0,28,49.641826
0.0,19,49.66063
0.0,104,49.743694
0.0,7,49.747159
0.0,14,49.765103
0.0,10,49.781483
0.0,20,49.801649
0.0,42,49.837759
0.0,32,49.864189
0.0,29,49.900766
0.0,17,49.919358
0.0,41,49.954697
0.0,44,49.997643
0.0,23,50.018791
0.0,63,50.071567
0.0,48,50.112639
0.0,10,50.116543
0.0,16,50.130266
0.0,26,50.147891
0.0,36,50.177273
0.0,24,50.193961
0.0,15,50.20734
0.0,48,50.241616
0.0,22,50.258291
0.0,52,50.30157
0.0,14,50.314473
0.0,42,50.348475
0.0,9,50.353455
0.0,15,50.369875
0.0,32,50.403108
0.0,23,50.423357
0.0,81,50.501279
0.0,23,50.522435
0.0,22,50.544068
0.0,79,50.610051
0.0,58,50.656267
0.0,36,50.694039
0.0,57,50.759297
0.0,9,50.763339
0.0,29,50.786129
0.0,15,50.806258
0.0,60,50.863213
0.0,29,50.899043
0.0,23,50.919423
0.0,26,50.946066
0.0,22,50.96776
0.0,31,51.001085
0.0,18,51.023132
0.0,14,51.030519
0.0,39,51.071015
0.0,27,51.101839
0.0,11,51.107729
0.0,6,51.122175
0.0,39,51.158219
0.0,57,51.220183
0.0,72,51.298855
0.0,18,51.315685
0.0,22,51.332561
0.0,14,51.345726
0.0,50,51.380662
0.0,12,51.396263
0.0,24,51.415738
0.0,23,51.436844
0.0,55,51.490702
0.0,35,51.521041
0.0,5,51.5237
0.0,42,51.565957
0.0,14,51.582133
0.0,10,51.587144
0.0,21,51.607022
0.0,12,51.622538
0.0,6,51.626003
0.0,21,51.646744
0.0,59,51.70061
0.0,13,51.713624
0.0,47,51.753637
0.0,38,51.788962
0.0,12,51.803959
0.0,10,51.808918
0.0,17,51.82439
0.0,20,51.839944
0.0,67,51.890739
0.0,39,51.927014
0.0,28,51.965421
0.0,22,51.988113
0.0,45,52.029368
0.0,14,52.047601
0.0,31,52.074496
0.0,12,52.093231
0.0,89,52.17172
0.0,27,52.203936
0.0,21,52.221945
0.0,29,52.247084
0.0,27,52.271716
0.0,77,52.335849
0.0,46,52.38535
0.0,11,52.392252
0.0,8,52.406293
0.0,55,52.445634
0.0,13,52.462142
0.0,22,52.480165
0.0,24,52.498725
0.0,41,52.53385
0.0,16,52.549809
0.0,47,52.585011
0.0,15,52.598476
0.0,14,52.611501
0.0,30,52.630883
1.0,80,52.703405
0.0,75,52.772538
0.0,28,52.807773
0.0,7,52.811316
0.0,14,52.829143
0.0,12,52.835527
0.0,70,52.904487
0.0,28,52.929975
0.0,11,52.944663
0.0,17,52.963101
0.0,26,52.984879
0.0,28,53.00682
0.0,18,53.023703
0.0,50,53.07931
0.0,31,53.106084
0.0,19,53.12639
0.0,6,53.12935
0.0,15,53.147156
0.0,23,53.166636
0.0,13,53.179516
0.0,45,53.225312
0.0,45,53.261229
0.0,6,53.271282
0.0,17,53.285566
0.0,13,53.290688
0.0,44,53.33247
0.0,25,53.365509
0.0,6,53.368172
0.0,52,53.416523
0.0,10,53.420945
0.0,11,53.437453
0.0,23,53.459082
0.0,15,53.478302
0.0,7,53.481729
0.0,18,53.501149
0.0,17,53.517237
0.0,42,53.55606
0.0,23,53.576758
0.0,55,53.633079
0.0,8,53.636208
0.0,15,53.650213
0.0,72,53.714386
0.0,19,53.729984
0.0,16,53.743734
0.0,26,53.761642
0.0,47,53.803164
0.0,17,53.818587
0.0,17,53.836656
0.0,43,53.877293
0.0,10,53.882084
0.0,22,53.902426
0.0,63,53.965707
0.0,18,53.980689
0.0,74,54.049668
0.0,53,54.093692
0.0,35,54.114945
0.0,20,54.131939
0.0,39,54.170309
0.0,7,54.184783
0.0,17,54.203783
0.0,27,54.225797
0.0,57,54.279774
0.0,59,54.328594
0.0,54,54.371021
0.0,21,54.390571
0.0,46,54.443363
0.0,39,54.481472
0.0,8,54.484899
0.0,33,54.521264
0.0,24,54.540352
0.0,11,54.557206
0.0,22,54.579862
0.0,72,54.635204
0.0,13,54.648555
0.0,26,54.673011
0.0,62,54.720039
0.0,10,54.731704
0.0,85,54.807282
0.0,29,54.83006
0.0,10,54.84498
0.0,15,54.863355
0.0,16,54.883091
0.0,31,54.90301
0.0,30,54.92993
0.0,20,54.945746
0.0,43,54.986871
0.0,13,54.994072
0.0,34,55.022661
0.0,19,55.037677
0.0,80,55.10931
0.0,19,55.124291
0.0,64,55.179932
0.0,29,55.209572
0.0,24,55.226479
0.0,62,55.280076
0.0,72,55.339293
0.0,18,55.346329
0.0,36,55.3782
0.0,27,55.405123
0.0,20,55.420497
0.0,26,55.439349
0.0,55,55.493109
0.0,14,55.498921
0.0,13,55.515613
0.0,25,55.53515
0.0,13,55.547855
0.0,42,55.579551
0.0,60,55.626821
0.0,22,55.64289
0.0,12,55.661005
0.0,33,55.702583
1.0,21,55.724251
0.0,10,55.735982
0.0,16,55.749828
0.0,15,55.755634
0.0,25,55.78324
0.0,53,55.821651
0.0,8,55.832723
0.0,25,55.850056
0.0,46,55.887623
0.0,25,55.920771
0.0,19,55.929826
0.0,30,55.960797
0.0,23,55.978068
0.0,52,56.032643
0.0,47,56.072367
0.0,31,56.109599
0.0,25,56.133136
0.0,36,56.168477
0.0,58,56.226222
0.0,9,56.23086
0.0,50,56.283197
0.0,72,56.349804
0.0,14,56.36787
0.0,31,56.393585
0.0,13,56.412013
0.0,19,56.428173
0.0,39,56.46632
0.0,16,56.482451
0.0,59,56.528632
0.0,11,56.53374
0.0,38,56.570432
0.0,11,56.583515
0.0,18,56.598145
0.0,63,56.649965
0.0,7,56.653903
0.0,38,56.689637
0.0,21,56.705317
0.0,19,56.720702
0.0,19,56.739637
0.0,47,56.778699
0.0,61,56.835035
0.0,15,56.850562
0.0,7,56.853427
0.0,19,56.868576
0.0,23,56.895658
0.0,77,56.960193
0.0,32,56.992373
0.0,93,57.075486
0.0,14,57.080896
0.0,10,57.092338
0.0,21,57.108455
0.0,42,57.139835
0.0,18,57.156473
0.0,16,57.174537
0.0,21,57.192043
0.0,9,57.195618
0.0,7,57.205992
0.0,59,57.244484
0.0,29,57.272578
0.0,18,57.291569
0.0,11,57.297486
0.0,8,57.311005
0.0,13,57.317446
0.0,80,57.399816
0.0,53,57.453912
0.0,41,57.500661
0.0,25,57.523341
0.0,27,57.552562
0.0,69,57.615956
0.0,30,57.651867
0.0,16,57.659609
0.0,39,57.698508
0.0,71,57.778018
0.0,26,57.801863
0.0,25,57.831448
0.0,36,57.853262
0.0,9,57.8657
0.0,18,57.885895
0.0,19,57.906763
0.0,28,57.925526
0.0,65,57.975802
0.0,11,57.992812
0.0,14,58.010604
0.0,32,58.032784
0.0,36,58.062333
0.0,29,58.081673
0.0,13,58.094442
0.0,12,58.111824
0.0,13,58.117446
0.0,119,58.232088
0.0,65,58.286154
0.0,49,58.334686
0.0,28,58.359419
0.0,26,58.388761
0.0,21,58.404812
0.0,17,58.425364
0.0,53,58.47163
0.0,56,58.528665
0.0,23,58.552354
0.0,10,58.568342
0.0,28,58.593522
0.0,14,58.611077
0.0,16,58.625634
0.0,27,58.644144
0.0,31,58.663748
0.0,43,58.710995
0.0,43,58.743592
0.0,27,58.769299
0.0,52,58.822622
0.0,85,58.896482
0.0,57,58.943368
0.0,14,58.950164
0.0,34,58.981482
0.0,83,59.047772
0.0,34,59.085308
0.0,19,59.104046
0.0,11,59.120535
0.0,11,59.125839
0.0,10,59.139946
0.0,22,59.164485
0.0,21,59.180314
0.0,18,59.195324
0.0,32,59.2154
0.0,30,59.246612
0.0,15,59.252739
0.0,34,59.28143
0.0,25,59.300906
0.0,37,59.331133
0.0,25,59.358386
0.0,12,59.363204
0.0,20,59.378839
0.0,17,59.393267
0.0,14,59.406528
0.0,43,59.440658
0.0,16,59.458498
0.0,10,59.462605
0.0,23,59.479181
0.0,90,59.557152
0.0,11,59.562133
0.0,14,59.577596
0.0,50,59.628262
0.0,23,59.648884
0.0,24,59.66795
0.0,47,59.710024
0.0,21,59.73121
0.0,19,59.749496
0.0,64,59.80538
0.0,23,59.82975
0.0,46,59.863449
0.0,42,59.897557
0.0,14,59.910655
0.0,17,59.924824
0.0,6,59.927234
0.0,42,59.958892
0.0,42,59.990777
0.0,9,59.994372
0.0,41,60.033317
0.0,36,60.05485
0.0,13,60.067743
0.0,6,60.070153
0.0,47,60.120586
0.0,40,60.151405
0.0,15,60.158779
0.0,9,60.171946
0.0,28,60.195331
0.0,53,60.251217
0.0,21,60.267415
0.0,150,60.409827
0.0,50,60.463948
0.0,48,60.509842
0.0,14,60.526779
0.0,53,60.581463
0.0,10,60.586062
0.0,68,60.659257
0.0,26,60.678723
0.0,44,60.714248
0.0,34,60.748459
0.0,30,60.767895
0.0,9,60.779242
0.0,23,60.797025
0.0,30,60.822663
0.0,12,60.841348
0.0,10,60.845715
0.0,85,60.92791
0.0,107,61.033261
0.0,33,61.062653
0.0,23,61.08456
0.0,53,61.142569
0.0,17,61.149199
0.0,15,61.162852
0.0,11,61.174893
0.0,15,61.180827
0.0,7,61.195842
0.0,13,61.202354
0.0,18,61.223109
0.0,52,61.2811
0.0,35,61.311746
0.0,9,61.315566
0.0,19,61.330741
0.0,35,61.362533
0.0,54,61.41252
0.0,27,61.430837
0.0,17,61.445216
0.0,51,61.480939
0.0,16,61.498363
0.0,17,61.516947
0.0,38,61.550173
0.0,95,61.641603
0.0,40,61.680532
0.0,29,61.705427
0.0,28,61.728967
0.0,7,61.739787
0.0,12,61.74453
0.0,48,61.793368
0.0,34,61.821633
0.0,15,61.839828
0.0,26,61.870791
0.0,8,61.874252
0.0,26,61.892441
0.0,45,61.926282
0.0,10,61.940783
0.0,31,61.974373
0.0,43,62.00671
0.0,18,62.021413
0.0,97,62.098245
0.0,56,62.158936
0.0,57,62.209121
1.0,108,62.291212
0.0,20,62.307684
0.0,7,62.322925
0.0,27,62.34607
0.0,30,62.379334
0.0,51,62.415524
0.0,21,62.431466
0.0,41,62.463517
0.0,11,62.476058
0.0,15,62.492533
0.0,20,62.51207
0.0,59,62.561731
0.0,7,62.564604
0.0,20,62.580182
0.0,82,62.659166
0.0,31,62.692183
0.0,10,62.697558
0.0,5,62.700384
0.0,56,62.758522
0.0,16,62.777617
0.0,60,62.826981
0.0,35,62.859929
0.0,16,62.868309
0.0,25,62.893528
0.0,16,62.908891
0.0,41,62.940064
0.0,28,62.958428
0.0,12,62.9707
0.0,9,62.97425
0.0,109,63.054552
0.0,34,63.083286
0.0,9,63.094659
0.0,18,63.109768
0.0,25,63.133438
0.0,102,63.23886
0.0,24,63.261917
0.0,11,63.276922
0.0,14,63.283127
0.0,42,63.324944
0.0,8,63.341533
0.0,11,63.346963
0.0,50,63.400706
0.0,36,63.438022
0.0,36,63.462865
0.0,63,63.527436
0.0,20,63.549128
0.0,39,63.583239
0.0,25,63.604382
0.0,69,63.665139
0.0,10,63.676889
0.0,118,63.780721
0.0,23,63.801295
0.0,19,63.821764
0.0,21,63.842166
0.0,9,63.848199
0.0,21,63.865827
0.0,9,63.879489
0.0,35,63.913237
0.0,30,63.936888
0.0,63,63.997731
0.0,44,64.040689
0.0,31,64.076023
0.0,15,64.096473
0.0,8,64.099645
0.0,62,64.147764
0.0,26,64.170128
0.0,12,64.188607
0.0,6,64.191613
0.0,69,64.267999
0.0,14,64.287935
0.0,17,64.296651
0.0,9,64.309421
0.0,15,64.324803
0.0,52,64.360649
0.0,15,64.374199
0.0,37,64.403938
0.0,41,64.435403
0.0,17,64.449792
0.0,52,64.489882
0.0,30,64.51717
0.0,51,64.552419
0.0,16,64.567518
0.0,14,64.585546
0.0,10,64.590252
0.0,15,64.606972
0.0,22,64.627325
0.0,11,64.643905
0.0,15,64.651801
0.0,27,64.681311
0.0,35,64.71964
0.0,15,64.727549
0.0,5,64.737561
0.0,31,64.757943
0.0,21,64.778714
0.0,22,64.799444
0.0,18,64.814193
0.0,10,64.82573
0.0,21,64.841523
0.0,26,64.859256
0.0,62,64.918661
0.0,41,64.951867
0.0,15,64.969919
0.0,60,65.025791
0.0,32,65.058748
0.0,33,65.085242
0.0,10,65.099873
0.0,39,65.132397
0.0,61,65.17917
0.0,29,65.202722
0.0,19,65.226963
0.0,44,65.270277
0.0,38,65.31164
0.0,26,65.329249
0.0,102,65.416725
0.0,36,65.438646
0.0,7,65.44916
0.0,48,65.483659
0.0,45,65.528555
0.0,26,65.560369
0.0,15,65.568406
0.0,21,65.589047
0.0,48,65.635865
0.0,20,65.66262
0.0,76,65.76306
0.0,28,65.783765
0.0,44,65.834286
0.0,15,65.853058
0.0,27,65.880512
0.0,28,65.915403
0.0,37,65.955624
0.0,59,66.012606
0.0,29,66.035619
0.0,9,66.040588
0.0,12,66.058018
0.0,49,66.105157
0.0,25,66.126153
0.0,33,66.152255
0.0,9,66.169469
0.0,22,66.191525
0.0,9,66.19537
0.0,11,66.207551
0.0,17,66.222136
0.0,17,66.239715
0.0,22,66.260096
0.0,37,66.294653
0.0,15,66.302702
0.0,27,66.337156
0.0,8,66.341347
0.0,51,66.395264
0.0,14,66.401451
0.0,25,66.433335
0.0,12,66.439936
0.0,67,66.508106
0.0,57,66.555014
0.0,14,66.57045
0.0,49,66.613668
0.0,36,66.635848
0.0,40,66.672727
0.0,22,66.68925
0.0,42,66.730148
0.0,40,66.763724
0.0,60,66.812181
0.0,15,66.818132
0.0,49,66.862769
0.0,7,66.866332
0.0,20,66.889765
0.0,15,66.906905
0.0,43,66.947263
0.0,44,66.986662
0.0,14,67.004725
0.0,7,67.008909
0.0,11,67.02796
0.0,47,67.085411
0.0,5,67.088343
0.0,15,67.109669
0.0,32,67.150958
0.0,11,67.155665
0.0,22,67.17354
0.0,58,67.222479
0.0,31,67.250021
0.0,18,67.264725
0.0,32,67.284716
0.0,9,67.299387
0.0,26,67.328918
0.0,16,67.350178
0.0,23,67.36916
0.0,78,67.441662
0.0,15,67.455188
0.0,29,67.474241
0.0,29,67.501462
0.0,20,67.522577
0.0,11,67.529477
0.0,54,67.583194
0.0,12,67.587893
0.0,31,67.61972
0.0,46,67.664512
0.0,21,67.684658
0.0,8,67.697963
0.0,62,67.751809
0.0,29,67.771589
0.0,38,67.805696
0.0,25,67.83314
0.0,60,67.885995
0.0,21,67.912102
0.0,62,67.967309
0.0,21,67.987277
0.0,9,67.992187
0.0,41,68.031851
0.0,10,68.047849
0.0,29,68.076388
0.0,6,68.078768
0.0,121,68.201178
0.0,30,68.237837
0.0,15,68.25801
0.0,28,68.285261
0.0,17,68.309352
0.0,21,68.332262
0.0,9,68.337248
0.0,15,68.35862
0.0,19,68.381209
0.0,11,68.398994
1.0,46,68.444487
0.0,18,68.461953
0.0,14,68.475355
0.0,36,68.496918
0.0,49,68.542893
0.0,51,68.587817
0.0,59,68.638994
0.0,73,68.718635
0.0,54,68.770622
0.0,17,68.785979
0.0,25,68.803425
0.0,36,68.833078
0.0,42,68.869653
0.0,56,68.926646
0.0,16,68.934369
0.0,26,68.966344
0.0,22,68.991553
0.0,5,68.994129
0.0,20,69.012888
0.0,33,69.045819
0.0,36,69.068947
0.0,37,69.109088
0.0,31,69.136546
0.0,21,69.152401
0.0,37,69.18749
0.0,13,69.194782
0.0,46,69.245794
0.0,10,69.251062
0.0,27,69.287626
0.0,39,69.319575
0.0,35,69.349223
0.0,53,69.394886
0.0,42,69.431235
0.0,9,69.43547
0.0,33,69.471959
0.0,11,69.488387
0.0,56,69.535777
0.0,29,69.571936
0.0,22,69.592428
0.0,30,69.6119
0.0,37,69.641315
0.0,59,69.703877
0.0,64,69.75171
0.0,14,69.764689
0.0,42,69.801034
0.0,37,69.831376
0.0,33,69.859218
0.0,7,69.861964
0.0,11,69.873732
0.0,46,69.910673
0.0,35,69.949556
0.0,17,69.966727
0.0,37,69.995879
0.0,45,70.046645
0.0,63,70.095597
0.0,7,70.098902
0.0,14,70.116918
0.0,47,70.160159
0.0,46,70.204655
0.0,33,70.233155
0.0,23,70.25169
0.0,16,70.265852
0.0,27,70.28408
0.0,14,70.29735
0.0,70,70.364705
0.0,11,70.370315
0.0,29,70.400771
0.0,45,70.45425
0.0,44,70.497723
0.0,7,70.501231
0.0,44,70.550187
0.0,119,70.652244
0.0,21,70.670572
0.0,5,70.673312
0.0,17,70.690666
0.0,29,70.713928
0.0,36,70.748216
0.0,38,70.782384
0.0,46,70.816102
0.0,11,70.830014
0.0,22,70.849109
0.0,10,70.855719
0.0,21,70.87702
0.0,35,70.913274
0.0,56,70.969775
0.0,141,71.109653
0.0,16,71.125504
0.0,8,71.128731
0.0,36,71.158574
0.0,41,71.195891
0.0,35,71.235727
0.0,29,71.260159
0.0,22,71.281594
0.0,25,71.315008
0.0,10,71.320117
0.0,46,71.361478
0.0,40,71.401675
0.0,49,71.44657
0.0,12,71.451391
0.0,11,71.463604
0.0,13,71.47725
0.0,18,71.492133
0.0,55,71.528736
0.0,51,71.578423
0.0,32,71.605495
0.0,61,71.668608
0.0,36,71.699901
0.0,16,71.719072
0.0,18,71.739569
0.0,81,71.824817
0.0,54,71.872298
0.0,8,71.875483
0.0,27,71.908551
0.0,20,71.931278
0.0,10,71.936771
0.0,31,71.969618
0.0,9,71.974492
0.0,12,71.992179
0.0,44,72.035419
0.0,25,72.058574
0.0,63,72.113523
0.0,27,72.141484
0.0,9,72.145607
0.0,30,72.179173
0.0,124,72.300106
0.0,26,72.320345
0.0,33,72.348961
0.0,15,72.354834
0.0,29,72.381529
0.0,21,72.399683
0.0,44,72.43683
0.0,20,72.457802
0.0,6,72.461039
0.0,97,72.547349
0.0,21,72.563162
0.0,30,72.590193
0.0,16,72.608643
0.0,22,72.629577
0.0,40,72.668692
0.0,107,72.768961
0.0,35,72.801578
0.0,32,72.821861
0.0,18,72.839275
0.0,33,72.868119
0.0,8,72.871491
0.0,15,72.885204
0.0,8,72.897596
0.0,25,72.91772
0.0,17,72.937876
0.0,9,72.942293
0.0,26,72.96607
0.0,75,73.038706
0.0,17,73.05443
0.0,63,73.116722
0.0,24,73.13799
0.0,13,73.154769
0.0,79,73.233466
0.0,25,73.25438
0.0,8,73.270061
0.0,18,73.27945
0.0,121,73.405394
0.0,45,73.438966
0.0,72,73.502134
0.0,5,73.515613
0.0,15,73.523125
0.0,15,73.538033
0.0,67,73.598306
0.0,31,73.630917
0.0,27,73.653407
0.0,16,73.669851
0.0,15,73.686038
0.0,12,73.700984
0.0,11,73.706666
0.0,42,73.743731
0.0,20,73.762904
0.0,49,73.810854
0.0,40,73.848511
0.0,77,73.907504
0.0,9,73.918682
0.0,29,73.941689
0.0,13,73.957103
0.0,21,73.976422
0.0,20,73.991735
0.0,47,74.025322
0.0,24,74.054414
0.0,17,74.062939
0.0,40,74.10453
0.0,80,74.169792
0.0,15,74.185006
0.0,11,74.199027
0.0,13,74.205065
0.0,49,74.260316
0.0,20,74.281548
0.0,58,74.337874
0.0,37,74.37242
0.0,25,74.390102
0.0,57,74.441465
0.0,55,74.485114
0.0,48,74.529628
0.0,24,74.554375
0.0,19,74.574686
0.0,47,74.610424
0.0,150,74.755294
0.0,62,74.802485
0.0,28,74.825108
0.0,38,74.857269
0.0,28,74.8889
0.0,37,74.929709
0.0,7,74.932501
0.0,27,74.950615
0.0,14,74.96864
0.0,32,75.003779
0.0,31,75.0326
0.0,57,75.086651
0.0,5,75.088655
0.0,24,75.105715
0.0,23,75.13295
0.0,29,75.152703
0.0,38,75.182848
0.0,92,75.257118
0.0,14,75.273599
0.0,86,75.353959
0.0,64,75.415162
0.0,23,75.434757
0.0,25,75.460158
0.0,62,75.518947
0.0,77,75.592131
0.0,110,75.707653
0.0,13,75.716577
0.0,15,75.735837
0.0,40,75.773777
0.0,47,75.817887
0.0,29,75.850185
0.0,45,75.890551
0.0,20,75.90962
0.0,31,75.941363
0.0,58,75.991683
0.0,21,76.012699
0.0,64,76.076947
0.0,30,76.098654
0.0,6,76.101171
0.0,47,76.147218
0.0,77,76.214657
0.0,13,76.22154
0.0,13,76.235414
0.0,35,76.264592
0.0,42,76.302188
0.0,10,76.307263
0.0,18,76.326866
0.0,19,76.348056
0.0,33,76.383674
0.0,17,76.404083
0.0,7,76.406848
0.0,37,76.436759
0.0,34,76.465207
0.0,82,76.532572
0.0,32,76.553194
0.0,15,76.566866
0.0,6,76.569247
0.0,5,76.578948
0.0,28,76.604936
0.0,15,76.619411
0.0,25,76.636688
0.0,34,76.665881
0.0,96,76.740597
0.0,49,76.782751
0.0,25,76.802943
0.0,16,76.821427
0.0,33,76.85877
0.0,76,76.922673
0.0,6,76.933414
0.0,18,76.956482
0.0,31,76.976219
0.0,114,77.066099
0.0,51,77.105291
0.0,29,77.143387
0.0,10,77.147578
0.0,11,77.159529
0.0,5,77.161515
0.0,14,77.176275
0.0,20,77.195004
0.0,26,77.216671
0.0,19,77.234202
0.0,19,77.249179
0.0,9,77.260329
0.0,12,77.265213
0.0,35,77.29397
0.0,25,77.311459
0.0,43,77.350813
0.0,8,77.365806
0.0,20,77.384448
0.0,9,77.388631
0.0,44,77.431117
0.0,22,77.447472
0.0,17,77.461662
0.0,26,77.486964
0.0,35,77.510239
0.0,6,77.521742
0.0,21,77.542037
0.0,36,77.56873
0.0,57,77.617571
0.0,71,77.686869
0.0,116,77.806822
0.0,107,77.894762
0.0,48,77.928938
0.0,15,77.942815
0.0,50,77.986665
0.0,25,78.004062
0.0,46,78.039063
0.0,21,78.059493
0.0,29,78.090778
0.0,31,78.110428
0.0,28,78.138382
0.0,16,78.146638
0.0,10,78.160162
0.0,18,78.1822
0.0,29,78.201631
0.0,55,78.246661
0.0,47,78.286288
0.0,8,78.297096
0.0,14,78.310137
0.0,22,78.326331
0.0,24,78.343619
0.0,77,78.410795
0.0,28,78.429451
0.0,37,78.461841
0.0,21,78.481876
0.0,24,78.501199
0.0,30,78.533803
0.0,33,78.558458
0.0,127,78.727148
0.0,14,78.733738
0.0,14,78.748117
0.0,34,78.784242
0.0,42,78.825255
0.0,18,78.841724
0.0,14,78.848331
0.0,9,78.86582
0.0,31,78.895319
0.0,41,78.954504
0.0,19,78.967093
0.0,56,79.031274
0.0,33,79.066148
0.0,47,79.110674
0.0,9,79.128274
0.0,19,79.151547
0.0,66,79.222727
0.0,25,79.246197
0.0,32,79.279612
0.0,18,79.294998
0.0,40,79.340613
0.0,54,79.386407
0.0,52,79.454225
0.0,38,79.497663
0.0,88,79.593752
0.0,11,79.606145
0.0,19,79.628146
0.0,22,79.653116
0.0,67,79.725017
0.0,63,79.7899
0.0,17,79.81257
0.0,28,79.856838
0.0,9,79.861839
0.0,14,79.882077
0.0,42,79.931505
0.0,13,79.95333
0.0,26,79.980106
0.0,27,80.007256
0.0,50,80.074655
0.0,16,80.094278
0.0,9,80.099154
0.0,110,80.230507
0.0,7,80.247826
0.0,11,80.253307
0.0,19,80.276029
0.0,15,80.294614
0.0,8,80.298705
0.0,43,80.352186
0.0,73,80.403366
0.0,82,80.482961
0.0,35,80.512449
0.0,12,80.524893
0.0,41,80.55881
0.0,62,80.617977
0.0,11,80.622773
0.0,13,80.635957
0.0,34,80.668669
0.0,10,80.673989
0.0,8,80.686962
0.0,29,80.711646
0.0,13,80.726782
0.0,7,80.730645
0.0,12,80.745726
0.0,8,80.749523
0.0,12,80.762347
0.0,12,80.768828
0.0,12,80.78688
0.0,10,80.792408
0.0,20,80.811387
0.0,46,80.865855
0.0,29,80.895464
0.0,22,80.91184
0.0,22,80.928289
0.0,25,80.955715
0.0,24,80.973963
0.0,20,80.993238
0.0,11,80.997623
0.0,25,81.023729
0.0,13,81.028905
0.0,17,81.043283
0.0,12,81.055788
0.0,93,81.137479
0.0,29,81.168073
0.0,12,81.173347
0.0,96,81.261062
0.0,38,81.294737
0.0,60,81.354827
0.0,42,81.386817
0.0,23,81.405624
0.0,16,81.424397
0.0,50,81.468555
0.0,5,81.470769
0.0,30,81.49611
0.0,44,81.549759
0.0,11,81.555235
0.0,28,81.590391
0.0,27,81.611065
0.0,31,81.639701
0.0,11,81.658129
0.0,35,81.69356
0.0,55,81.73984
0.0,9,81.743381
0.0,28,81.761968
0.0,36,81.791804
0.0,25,81.810829
0.0,31,81.846491
0.0,32,81.881876
0.0,19,81.900499
0.0,23,81.921834
0.0,40,81.952717
0.0,28,81.971663
0.0,72,82.041406
0.0,43,82.082187
0.0,38,82.12272
0.0,30,82.14524
0.0,8,82.156288
0.0,32,82.17643
0.0,40,82.218075
0.0,27,82.249277
0.0,10,82.254534
0.0,78,82.327742
0.0,7,82.331391
0.0,19,82.350279
0.0,13,82.363115
0.0,63,82.410545
0.0,20,82.42611
0.0,11,82.438488
0.0,45,82.473556
0.0,10,82.477637
0.0,14,82.491217
0.0,15,82.504889
0.0,32,82.529226
0.0,11,82.541542
0.0,17,82.555953
0.0,15,82.569558
0.0,16,82.575788
0.0,35,82.60476
0.0,24,82.621702
0.0,33,82.65208
0.0,28,82.671159
0.0,22,82.690515
0.0,13,82.708035
0.0,28,82.738087
0.0,41,82.776775
0.0,33,82.803007
0.0,18,82.82166
0.0,71,82.892006
0.0,19,82.910137
0.0,18,82.924771
0.0,46,82.967815
0.0,10,82.973422
0.0,13,82.990947
0.0,15,83.007612
0.0,44,83.046983
0.0,10,83.051176
0.0,7,83.062483
0.0,10,83.067563
0.0,26,83.095538
0.0,13,83.102019
0.0,28,83.133837
0.0,11,83.13816
0.0,31,83.166527
0.0,19,83.184659
0.0,31,83.204358
0.0,89,83.281312
0.0,13,83.286884
0.0,38,83.32718
0.0,32,83.3622
0.0,6,83.364774
0.0,27,83.393361
0.0,15,83.406878
0.0,18,83.421417
0.0,41,83.452663
0.0,13,83.465309
0.0,94,83.547001
0.0,25,83.567265
0.0,17,83.58816
0.0,7,83.591331
0.0,34,83.63079
0.0,75,83.699897
0.0,20,83.715563
0.0,37,83.744976
0.0,16,83.758827
0.0,41,83.791018
0.0,19,83.812063
0.0,56,83.866908
0.0,50,83.90256
0.0,34,83.938935
0.0,35,83.977633
0.0,9,83.982093
0.0,34,84.015164
0.0,26,84.03298
0.0,22,84.049258
0.0,35,84.088215
0.0,23,84.105653
0.0,12,84.123886
0.0,60,84.171804
0.0,14,84.185014
0.0,55,84.23229
0.0,39,84.265889
0.0,21,84.281731
0.0,57,84.329183
0.0,16,84.348382
0.0,22,84.370094
0.0,22,84.390235
0.0,31,84.424427
0.0,34,84.446944
0.0,73,84.506608
0.0,37,84.543986
0.0,31,84.568918
0.0,42,84.618273
0.0,67,84.677746
0.0,76,84.747047
0.0,85,84.810039
0.0,11,84.82232
0.0,37,84.847334
0.0,26,84.872704
0.0,14,84.878291
0.0,34,84.91194
0.0,36,84.950834
0.0,9,84.954998
0.0,37,84.990314
0.0,12,85.007004
0.0,58,85.066635
0.0,75,85.129498
0.0,15,85.146296
0.0,42,85.189414
0.0,11,85.203993
0.0,20,85.224162
0.0,36,85.259864
0.0,22,85.276664
0.0,46,85.309467
0.0,6,85.311869
0.0,43,85.351951
0.0,54,85.398661
0.0,84,85.462529
0.0,36,85.497831
0.0,45,85.530334
0.0,45,85.58327
0.0,12,85.589705
0.0,26,85.619772
0.0,36,85.652223
0.0,5,85.667997
0.0,9,85.675371
0.0,36,85.725063
0.0,27,85.744274
0.0,30,85.773282
0.0,13,85.780905
0.0,10,85.793757
0.0,28,85.81256
0.0,28,85.838626
0.0,11,85.842992
0.0,24,85.86007
0.0,45,85.906496
0.0,52,85.949981
0.0,5,85.959717
0.0,42,85.998631
0.0,48,86.039634
0.0,25,86.061007
0.0,17,86.079013
0.0,27,86.101942
0.0,33,86.140204
0.0,64,86.195138
0.0,8,86.208467
0.0,26,86.23212
0.0,22,86.25194
0.0,24,86.274265
0.0,7,86.286853
0.0,60,86.342208
0.0,18,86.35693
0.0,14,86.364025
0.0,74,86.439707
0.0,28,86.462947
0.0,53,86.514719
0.0,16,86.532449
0.0,10,86.536436
0.0,88,86.614787
0.0,7,86.618254
0.0,5,86.620944
0.0,67,86.684091
0.0,14,86.689592
0.0,62,86.737359
0.0,14,86.750394
0.0,48,86.791646
0.0,43,86.824707
0.0,11,86.829617
0.0,36,86.863064
0.0,54,86.90699
0.0,10,86.91093
0.0,27,86.938236
0.0,13,86.943295
0.0,11,86.95589
0.0,31,86.981436
0.0,22,87.002625
0.0,41,87.054063
0.0,58,87.092037
0.0,31,87.123032
0.0,46,87.16672
0.0,25,87.198927
0.0,34,87.223011
0.0,40,87.259717
0.0,19,87.274833
0.0,31,87.302182
0.0,11,87.306551
1.0,53,87.355499
0.0,8,87.358988
0.0,66,87.428613
0.0,33,87.449594
0.0,64,87.497602
0.0,14,87.51078
0.0,43,87.543712
0.0,9,87.558327
0.0,49,87.598991
0.0,8,87.613346
0.0,109,87.719358
0.0,22,87.736796
0.0,27,87.763214
1.0,65,87.826931
0.0,54,87.875535
0.0,49,87.928938
0.0,45,87.97268
0.0,36,88.002039
0.0,56,88.046752
0.0,16,88.060743
0.0,18,88.069104
0.0,32,88.103754
0.0,13,88.117435
0.0,28,88.136085
0.0,35,88.165387
0.0,25,88.183799
0.0,35,88.220703
0.0,25,88.239667
0.0,40,88.270345
0.0,43,88.303524
0.0,28,88.329637
0.0,17,88.343964
0.0,14,88.34944
0.0,33,88.380432
0.0,69,88.44421
0.0,29,88.478173
0.0,34,88.503633
0.0,44,88.551936
0.0,30,88.571341
0.0,31,88.599741
0.0,32,88.625434
0.0,57,88.685365
0.0,48,88.733773
0.0,14,88.739308
0.0,8,88.750135
0.0,23,88.767551
0.0,25,88.788747
0.0,23,88.812013
0.0,11,88.830652
0.0,24,88.851923
0.0,28,88.875218
0.0,10,88.889329
0.0,84,88.968471
0.0,98,89.063283
0.0,27,89.087481
0.0,25,89.117783
0.0,36,89.140747
0.0,9,89.151897
0.0,48,89.185725
0.0,17,89.201537
0.0,17,89.21865
0.0,11,89.22417
0.0,43,89.2646
0.0,18,89.283725
0.0,36,89.311032
0.0,34,89.342485
0.0,16,89.356892
0.0,46,89.397189
0.0,11,89.410914
0.0,19,89.42597
0.0,73,89.489489
0.0,24,89.506828
0.0,42,89.553393
0.0,12,89.559422
0.0,6,89.562269
0.0,19,89.58122
0.0,27,89.616389
0.0,16,89.630492
0.0,20,89.647926
0.0,63,89.709602
0.0,44,89.749765
0.0,11,89.754257
0.0,79,89.816327
0.0,39,89.846778
0.0,15,89.862299
0.0,19,89.877116
0.0,15,89.8905
0.0,48,89.92937
0.0,9,89.942209
0.0,48,89.983008
0.0,38,90.012708
0.0,66,90.060256
0.0,9,90.074289
0.0,25,90.092448
0.0,14,90.105275
0.0,17,90.119392
0.0,32,90.139862
0.0,17,90.154373
0.0,12,90.168511
0.0,11,90.174153
0.0,9,90.189248
0.0,20,90.207483
0.0,80,90.269443
0.0,17,90.276037
0.0,10,90.287519
0.0,14,90.300545
0.0,57,90.341137
0.0,35,90.370841
0.0,31,90.406957
0.0,51,90.453077
0.0,13,90.46972
0.0,15,90.486493
0.0,14,90.49378
0.0,27,90.529181
0.0,28,90.554219
0.0,31,90.591063
0.0,22,90.611047
0.0,32,90.636899
0.0,26,90.669514
0.0,74,90.734873
0.0,23,90.759418
0.0,30,90.78071
0.0,43,90.824385
0.0,30,90.855232
0.0,14,90.862647
0.0,28,90.897026
0.0,8,90.900251
0.0,23,90.916957
0.0,61,90.963677
0.0,34,90.996197
0.0,15,91.011062
0.0,52,91.054775
0.0,51,91.102056
0.0,28,91.127184
0.0,63,91.195909
0.0,25,91.216969
0.0,10,91.220899
0.0,112,91.310131
0.0,7,91.313004
0.0,53,91.362584
0.0,25,91.384836
0.0,7,91.395794
0.0,15,91.403867
0.0,50,91.456783
0.0,29,91.479413
0.0,41,91.513265
0.0,18,91.530184
0.0,22,91.547711
0.0,30,91.574533
0.0,25,91.59185
0.0,34,91.620023
0.0,10,91.623931
0.0,28,91.657276
0.0,42,91.689921
0.0,47,91.723426
0.0,96,91.82301
0.0,79,91.889884
0.0,52,91.929091
0.0,54,91.981804
0.0,32,92.010535
0.0,10,92.014509
0.0,144,92.132646
0.0,5,92.142266
0.0,19,92.158279
0.0,18,92.173079
0.0,24,92.189979
0.0,50,92.226878
0.0,5,92.228895
0.0,60,92.279288
0.0,19,92.294169
0.0,14,92.307122
0.0,66,92.360219
0.0,80,92.4371
0.0,5,92.449603
0.0,9,92.453631
0.0,28,92.489475
0.0,24,92.509913
0.0,13,92.516639
0.0,57,92.565929
0.0,22,92.58685
0.0,44,92.626127
0.0,17,92.632773
0.0,43,92.678218
0.0,48,92.712673
0.0,15,92.726159
0.0,16,92.732311
0.0,38,92.762346
0.0,9,92.773731
0.0,15,92.787821
0.0,33,92.807879
0.0,32,92.835632
0.0,16,92.849459
0.0,10,92.853332
0.0,21,92.868908
0.0,30,92.902002
0.0,26,92.925478
0.0,37,92.963724
0.0,14,92.98001
0.0,18,92.98825
0.0,33,93.028879
0.0,13,93.044846
0.0,12,93.050546
0.0,24,93.083047
0.0,11,93.088464
0.0,5,93.091277
0.0,19,93.114695
0.0,14,93.128851
0.0,8,93.132075
0.0,27,93.157723
0.0,17,93.172733
0.0,18,93.180029
0.0,15,93.193783
0.0,136,93.329678
0.0,43,93.371578
0.0,24,93.393992
0.0,12,93.41042
0.0,12,93.425974
0.0,83,93.496455
0.0,18,93.516914
0.0,16,93.524295
0.0,17,93.539897
0.0,49,93.588488
0.0,37,93.623355
0.0,12,93.629171
0.0,10,93.640915
0.0,36,93.662621
0.0,34,93.694298
0.0,14,93.708894
0.0,54,93.760433
0.0,30,93.784789
0.0,93,93.874438
0.0,25,93.893509
0.0,35,93.922283
0.0,96,93.997719
0.0,66,94.051904
0.0,28,94.070364
1.0,30,94.097343
0.0,26,94.116136
0.0,34,94.152137
0.0,28,94.170728
0.0,15,94.184419
0.0,71,94.240757
0.0,46,94.286016
0.0,44,94.318578
0.0,54,94.36422
0.0,13,94.369335
0.0,26,94.39488
0.0,27,94.413078
0.0,56,94.463242
0.0,119,94.57802
0.0,15,94.586187
0.0,8,94.600326
0.0,33,94.625698
0.0,30,94.658676
0.0,17,94.67539
0.0,19,94.695146
1.0,23,94.717237
0.0,11,94.722652
0.0,36,94.760597
0.0,48,94.817231
0.0,43,94.859818
0.0,26,94.878815
0.0,16,94.892813
0.0,15,94.90632
0.0,8,94.909523
0.0,9,94.92069
0.0,7,94.923542
0.0,22,94.939699
0.0,35,94.969103
0.0,31,94.98894
0.0,19,95.004107
0.0,56,95.049501
0.0,5,95.051675
0.0,7,95.066983
0.0,11,95.072025
0.0,20,95.092654
0.0,40,95.132408
0.0,36,95.168616
0.0,22,95.190453
0.0,103,95.272914
0.0,17,95.287936
0.0,19,95.308717
0.0,8,95.312023
0.0,37,95.351708
0.0,16,95.370269
0.0,12,95.38309
0.0,63,95.437693
0.0,28,95.456438
0.0,25,95.473833
0.0,30,95.503023
0.0,5,95.505049
0.0,24,95.525748
0.0,9,95.540689
0.0,42,95.58015
0.0,43,95.612734
0.0,11,95.624688
0.0,26,95.642744
0.0,16,95.657092
0.0,21,95.672851
0.0,14,95.686124
0.0,10,95.690142
0.0,13,95.704948
0.0,30,95.729668
0.0,77,95.8065
0.0,36,95.847343
0.0,56,95.917887
0.0,25,95.941546
0.0,62,95.991476
0.0,22,96.007485
