#{"t_start": 1544997774.5308254, "env_id": "FrozenLake8x8-v0"}
r,l,t
0.0,26,0.000755
0.0,25,0.001191
0.0,15,0.001462
0.0,35,0.002001
0.0,44,0.002679
0.0,35,0.003225
0.0,7,0.003398
0.0,16,0.003679
0.0,37,0.004248
0.0,83,0.005434
0.0,34,0.005968
0.0,21,0.006327
0.0,65,0.007275
0.0,39,0.007875
0.0,12,0.008106
0.0,5,0.00823
0.0,29,0.008687
0.0,10,0.008891
0.0,34,0.009414
0.0,49,0.010157
0.0,27,0.010598
0.0,37,0.011031
1.0,69,0.011833
0.0,38,0.012161
0.0,27,0.012384
0.0,47,0.012746
0.0,62,0.013211
0.0,41,0.013531
1.0,38,0.013853
0.0,46,0.014212
0.0,21,0.014391
0.0,8,0.014478
0.0,40,0.0148
1.0,40,0.015112
0.0,30,0.015392
0.0,121,0.016276
0.0,94,0.016977
0.0,27,0.017204
0.0,68,0.017729
0.0,15,0.017869
0.0,10,0.017971
0.0,42,0.018304
0.0,78,0.018901
0.0,32,0.019161
0.0,56,0.019585
0.0,29,0.01992
0.0,7,0.020068
0.0,36,0.020568
0.0,5,0.020716
0.0,14,0.020977
0.0,13,0.021206
0.0,40,0.021747
0.0,10,0.021866
0.0,15,0.022006
0.0,24,0.022208
0.0,41,0.02254
0.0,6,0.022632
0.0,18,0.022793
0.0,11,0.022901
0.0,21,0.02308
0.0,6,0.023153
0.0,50,0.023542
0.0,36,0.023829
0.0,37,0.02413
0.0,12,0.024248
0.0,19,0.024412
0.0,7,0.024508
0.0,26,0.024778
0.0,30,0.02521
0.0,7,0.025354
0.0,32,0.025681
0.0,42,0.026259
0.0,10,0.026463
0.0,33,0.026953
0.0,23,0.027312
0.0,33,0.027796
1.0,82,0.028761
0.0,9,0.028936
0.0,12,0.029135
0.0,16,0.02932
0.0,42,0.029784
0.0,22,0.0301
1.0,26,0.030458
0.0,29,0.030814
0.0,25,0.031147
0.0,7,0.031276
0.0,44,0.031812
0.0,39,0.032344
1.0,40,0.03286
0.0,28,0.033249
0.0,21,0.033479
1.0,32,0.033899
0.0,24,0.034288
0.0,56,0.03505
0.0,9,0.03525
0.0,48,0.035924
0.0,48,0.036567
0.0,11,0.036771
0.0,48,0.037436
0.0,16,0.037776
0.0,12,0.038024
0.0,55,0.038786
1.0,30,0.039217
0.0,24,0.039561
0.0,22,0.039883
0.0,24,0.040235
0.0,29,0.040668
0.0,9,0.040838
0.0,36,0.041367
0.0,39,0.04194
0.0,65,0.042842
0.0,18,0.043144
0.0,9,0.043324
0.0,41,0.04392
0.0,68,0.044855
0.0,34,0.045352
0.0,38,0.045903
0.0,48,0.046531
0.0,22,0.046889
0.0,49,0.047584
1.0,57,0.048397
0.0,28,0.048834
0.0,51,0.049465
0.0,17,0.049752
0.0,15,0.049986
0.0,21,0.050225
0.0,11,0.050384
0.0,19,0.050639
0.0,38,0.051175
0.0,15,0.051435
0.0,27,0.051828
0.0,21,0.052154
0.0,29,0.052576
0.0,9,0.052746
0.0,49,0.053408
1.0,30,0.053827
0.0,40,0.054371
0.0,35,0.054873
1.0,47,0.055505
0.0,19,0.055789
0.0,39,0.056324
0.0,43,0.056907
0.0,10,0.057093
0.0,64,0.057951
0.0,29,0.058364
0.0,44,0.058991
0.0,68,0.059971
0.0,11,0.060189
0.0,9,0.060372
0.0,14,0.060629
0.0,22,0.060991
0.0,24,0.061384
0.0,49,0.062083
0.0,12,0.062317
0.0,22,0.062691
0.0,48,0.063362
0.0,111,0.064722
0.0,9,0.064917
1.0,73,0.065892
0.0,23,0.066263
0.0,48,0.06689
0.0,27,0.067313
0.0,23,0.067653
0.0,13,0.067876
0.0,39,0.068418
0.0,50,0.069026
0.0,33,0.069514
1.0,32,0.069868
0.0,73,0.070813
0.0,36,0.071291
0.0,72,0.072185
0.0,36,0.072643
0.0,66,0.073187
0.0,6,0.073263
0.0,21,0.073447
0.0,49,0.07381
0.0,16,0.073943
0.0,28,0.074159
0.0,23,0.074341
0.0,26,0.074546
0.0,29,0.074781
0.0,49,0.075167
0.0,68,0.075742
1.0,111,0.076557
0.0,42,0.07687
0.0,16,0.077006
0.0,19,0.077164
1.0,92,0.077817
0.0,15,0.077944
0.0,33,0.078193
0.0,10,0.078285
0.0,10,0.078376
0.0,29,0.07861
0.0,93,0.079325
0.0,51,0.079704
0.0,48,0.080058
0.0,85,0.080663
0.0,76,0.081209
0.0,17,0.081351
0.0,19,0.081505
0.0,13,0.081617
0.0,20,0.081777
0.0,22,0.081951
0.0,81,0.082525
0.0,9,0.082618
0.0,51,0.083011
0.0,19,0.083167
0.0,59,0.083591
0.0,25,0.083786
0.0,14,0.083905
0.0,102,0.084628
0.0,16,0.084761
0.0,15,0.084886
0.0,23,0.085066
0.0,79,0.085639
0.0,17,0.085801
0.0,24,0.08599
0.0,76,0.08653
1.0,80,0.087104
0.0,14,0.087224
0.0,26,0.087423
0.0,26,0.087626
0.0,52,0.088022
0.0,38,0.088308
0.0,25,0.088507
0.0,34,0.088761
0.0,11,0.08886
0.0,47,0.089203
1.0,58,0.089618
0.0,39,0.089906
0.0,23,0.090088
0.0,40,0.090385
0.0,23,0.090571
0.0,27,0.09078
1.0,45,0.091115
0.0,17,0.091255
0.0,11,0.091353
0.0,19,0.091509
0.0,14,0.091629
0.0,53,0.092016
0.0,13,0.092138
0.0,6,0.092203
0.0,37,0.092479
0.0,61,0.09293
0.0,37,0.093222
0.0,8,0.093304
0.0,45,0.093642
0.0,31,0.093877
0.0,32,0.094119
0.0,5,0.094177
0.0,14,0.094296
0.0,7,0.094368
0.0,17,0.094509
1.0,110,0.095293
0.0,7,0.095366
0.0,5,0.095423
0.0,19,0.095577
0.0,51,0.09595
0.0,22,0.096126
0.0,54,0.096515
0.0,35,0.096775
0.0,12,0.096881
0.0,14,0.097001
0.0,62,0.09745
0.0,15,0.097576
0.0,8,0.097654
0.0,31,0.097889
0.0,55,0.098286
0.0,7,0.098356
1.0,60,0.098795
0.0,30,0.099027
0.0,29,0.09925
0.0,5,0.099308
0.0,28,0.099523
0.0,41,0.099838
0.0,34,0.100094
0.0,29,0.100329
0.0,36,0.100604
1.0,142,0.101597
0.0,9,0.101684
0.0,32,0.101928
0.0,60,0.102367
0.0,44,0.102699
0.0,62,0.103148
0.0,14,0.103267
0.0,30,0.103496
0.0,46,0.103833
0.0,28,0.104051
0.0,9,0.104136
0.0,10,0.104228
0.0,29,0.104447
0.0,25,0.104642
0.0,37,0.104919
0.0,10,0.105011
0.0,39,0.1053
0.0,65,0.105768
0.0,18,0.105916
0.0,58,0.106371
0.0,49,0.106762
0.0,24,0.106956
0.0,47,0.107302
0.0,33,0.107551
0.0,25,0.107744
0.0,6,0.107808
1.0,82,0.108388
0.0,26,0.108591
0.0,17,0.10873
0.0,38,0.109016
0.0,28,0.109231
0.0,5,0.109288
0.0,21,0.109454
0.0,26,0.109654
0.0,24,0.109843
0.0,44,0.110167
0.0,16,0.1103
0.0,36,0.110573
0.0,7,0.110646
0.0,45,0.110977
1.0,61,0.111415
0.0,21,0.111584
0.0,59,0.11201
0.0,21,0.112176
0.0,34,0.112432
0.0,25,0.112629
0.0,39,0.112931
0.0,60,0.113373
0.0,51,0.113754
1.0,50,0.114117
0.0,22,0.114292
0.0,37,0.114571
0.0,48,0.114925
0.0,8,0.115005
1.0,50,0.115367
0.0,27,0.115575
0.0,29,0.115795
0.0,18,0.115945
0.0,51,0.116318
0.0,23,0.116501
0.0,7,0.116572
0.0,33,0.116825
0.0,14,0.116946
0.0,22,0.117119
0.0,114,0.117918
0.0,52,0.118295
1.0,37,0.118574
0.0,23,0.118756
0.0,43,0.119191
1.0,69,0.119727
1.0,41,0.120056
1.0,42,0.120377
0.0,5,0.120436
0.0,18,0.120586
0.0,7,0.120657
0.0,28,0.120877
0.0,16,0.121011
1.0,44,0.121346
1.0,36,0.121621
0.0,71,0.122131
0.0,13,0.122261
0.0,20,0.122426
0.0,33,0.122682
0.0,25,0.122883
0.0,47,0.123229
0.0,86,0.123847
0.0,75,0.124389
0.0,24,0.124578
0.0,39,0.124872
0.0,50,0.125245
0.0,15,0.125372
0.0,27,0.125583
0.0,91,0.126235
0.0,13,0.126349
0.0,60,0.126797
0.0,90,0.127485
0.0,52,0.127876
0.0,9,0.127962
0.0,80,0.128537
0.0,70,0.129037
0.0,41,0.129347
1.0,132,0.130288
0.0,49,0.130657
0.0,27,0.13087
0.0,7,0.130942
0.0,14,0.131061
0.0,26,0.131268
0.0,10,0.131361
0.0,14,0.131481
0.0,25,0.131681
0.0,42,0.131997
0.0,7,0.132069
0.0,50,0.132435
0.0,63,0.132896
0.0,11,0.132996
0.0,85,0.133611
0.0,47,0.133963
1.0,25,0.134174
0.0,54,0.134593
0.0,63,0.135055
0.0,13,0.13517
0.0,35,0.135435
0.0,8,0.135514
1.0,48,0.135869
1.0,52,0.136249
1.0,35,0.136513
0.0,9,0.1366
0.0,21,0.136771
0.0,48,0.137128
0.0,62,0.137578
0.0,6,0.137643
0.0,16,0.137777
0.0,114,0.138612
0.0,11,0.138734
0.0,14,0.138858
0.0,48,0.139214
1.0,67,0.139704
0.0,7,0.139777
0.0,5,0.139836
1.0,38,0.14012
0.0,13,0.140234
0.0,47,0.1406
0.0,26,0.140817
0.0,26,0.141031
1.0,109,0.14181
1.0,40,0.142111
0.0,11,0.142212
0.0,8,0.142291
0.0,61,0.142745
0.0,57,0.143166
0.0,73,0.143691
1.0,88,0.144324
0.0,65,0.144795
0.0,7,0.144868
0.0,19,0.145026
0.0,42,0.145338
0.0,30,0.145571
0.0,26,0.145777
0.0,25,0.145976
0.0,40,0.146276
0.0,54,0.14668
0.0,48,0.147036
0.0,38,0.147335
0.0,35,0.147618
0.0,39,0.147915
0.0,11,0.148015
0.0,36,0.148288
0.0,47,0.148638
0.0,26,0.148839
0.0,9,0.148926
0.0,59,0.149358
0.0,39,0.149652
0.0,52,0.150037
0.0,8,0.150116
0.0,28,0.150334
0.0,24,0.150523
0.0,6,0.150592
0.0,13,0.150705
1.0,32,0.150949
0.0,60,0.151387
0.0,29,0.151611
0.0,22,0.151786
0.0,20,0.15195
0.0,13,0.152062
0.0,31,0.152297
1.0,31,0.152536
1.0,36,0.152808
0.0,34,0.153067
0.0,31,0.153303
0.0,13,0.153417
0.0,44,0.153748
1.0,23,0.15393
1.0,40,0.154248
0.0,5,0.154308
0.0,25,0.154513
0.0,30,0.154757
0.0,72,0.155284
1.0,57,0.155702
0.0,12,0.155808
0.0,11,0.155907
0.0,5,0.155964
0.0,79,0.156527
0.0,21,0.156693
0.0,34,0.156953
1.0,57,0.157368
1.0,58,0.157803
1.0,56,0.158215
0.0,7,0.158287
0.0,59,0.158725
0.0,34,0.158986
0.0,6,0.159051
0.0,104,0.159794
0.0,74,0.160323
0.0,29,0.16056
0.0,44,0.160893
0.0,20,0.161074
0.0,36,0.161351
0.0,9,0.161436
0.0,13,0.161549
1.0,44,0.161879
0.0,43,0.162204
1.0,62,0.162666
0.0,12,0.162775
0.0,52,0.163158
0.0,21,0.163327
0.0,24,0.163517
0.0,46,0.163858
0.0,69,0.16436
0.0,11,0.164461
0.0,15,0.164587
0.0,10,0.164679
0.0,12,0.164787
0.0,43,0.165106
0.0,20,0.165268
0.0,44,0.165596
0.0,15,0.165724
0.0,17,0.165866
0.0,42,0.16618
0.0,35,0.166447
0.0,78,0.167019
0.0,43,0.167341
0.0,58,0.167772
1.0,39,0.168078
0.0,27,0.16829
0.0,7,0.168362
0.0,5,0.16842
0.0,30,0.168671
0.0,15,0.168803
0.0,11,0.168904
0.0,12,0.169019
0.0,25,0.169216
0.0,14,0.169336
0.0,25,0.16953
0.0,43,0.169852
0.0,37,0.170133
0.0,24,0.170325
0.0,8,0.170403
1.0,42,0.170726
0.0,6,0.170793
0.0,12,0.170899
1.0,54,0.171294
0.0,36,0.171565
0.0,24,0.171754
0.0,14,0.171874
0.0,31,0.172112
0.0,61,0.172561
0.0,7,0.172633
0.0,23,0.172817
0.0,57,0.173233
0.0,55,0.173636
0.0,31,0.173872
0.0,41,0.174175
0.0,42,0.174486
0.0,25,0.174705
0.0,5,0.174765
0.0,19,0.174921
0.0,23,0.175102
0.0,21,0.175287
0.0,35,0.17563
0.0,11,0.175777
0.0,18,0.175931
0.0,38,0.176219
0.0,35,0.176483
1.0,81,0.17706
0.0,10,0.177154
1.0,79,0.177723
0.0,36,0.177994
0.0,45,0.178335
0.0,22,0.178508
0.0,33,0.178773
0.0,49,0.179135
0.0,44,0.179461
1.0,24,0.179651
0.0,54,0.180044
0.0,49,0.180407
0.0,37,0.180686
0.0,5,0.180743
0.0,57,0.18116
0.0,34,0.181435
0.0,44,0.181773
0.0,28,0.182012
0.0,9,0.1821
0.0,21,0.182267
0.0,25,0.182467
0.0,39,0.18277
1.0,34,0.183028
0.0,10,0.183121
0.0,12,0.183227
0.0,35,0.183493
0.0,52,0.183874
0.0,6,0.183939
0.0,9,0.184024
0.0,17,0.184163
0.0,62,0.184614
0.0,5,0.184673
1.0,61,0.185116
0.0,53,0.185505
0.0,7,0.185577
1.0,25,0.185772
1.0,37,0.186049
0.0,34,0.186309
0.0,20,0.186475
0.0,18,0.186629
0.0,22,0.186807
0.0,13,0.186919
0.0,45,0.187251
0.0,25,0.187447
0.0,21,0.187613
0.0,108,0.188405
0.0,13,0.188521
0.0,16,0.188671
0.0,90,0.189317
0.0,19,0.189473
0.0,37,0.189748
0.0,26,0.189951
1.0,52,0.190336
0.0,50,0.190705
0.0,9,0.190792
0.0,72,0.191339
0.0,23,0.191551
0.0,54,0.192026
0.0,28,0.192243
0.0,93,0.192902
0.0,32,0.193145
0.0,32,0.193384
0.0,29,0.193606
0.0,25,0.193799
0.0,5,0.193856
0.0,49,0.194213
0.0,63,0.194676
0.0,7,0.194749
0.0,15,0.19489
0.0,9,0.194977
0.0,7,0.195048
0.0,60,0.195499
0.0,19,0.195659
0.0,20,0.195821
0.0,50,0.196192
0.0,51,0.196566
0.0,11,0.196667
0.0,7,0.196739
0.0,16,0.196873
0.0,48,0.19723
1.0,38,0.197517
0.0,20,0.19768
0.0,47,0.198028
0.0,53,0.198419
0.0,29,0.198646
0.0,13,0.19876
1.0,60,0.199193
0.0,15,0.199321
0.0,26,0.199523
0.0,56,0.199931
0.0,15,0.200058
0.0,21,0.200229
1.0,111,0.201004
0.0,9,0.20109
0.0,32,0.201336
0.0,8,0.201414
1.0,41,0.201722
0.0,59,0.202167
0.0,7,0.202241
0.0,32,0.202487
0.0,84,0.203107
0.0,19,0.203267
0.0,11,0.203368
0.0,35,0.203628
0.0,16,0.203762
0.0,29,0.203989
0.0,39,0.204277
0.0,44,0.204602
0.0,17,0.204744
0.0,29,0.204963
0.0,17,0.205104
0.0,50,0.205466
0.0,10,0.205557
0.0,47,0.205901
0.0,5,0.205959
0.0,18,0.206107
0.0,6,0.206171
1.0,53,0.206557
0.0,30,0.206794
0.0,42,0.207114
0.0,5,0.207172
0.0,44,0.207491
0.0,7,0.207563
0.0,11,0.207661
0.0,17,0.207802
0.0,37,0.20808
0.0,21,0.208249
1.0,94,0.208918
0.0,35,0.209184
0.0,38,0.209481
0.0,10,0.209575
0.0,12,0.209682
0.0,41,0.210004
0.0,32,0.210249
1.0,36,0.210518
1.0,45,0.210855
0.0,33,0.211107
0.0,78,0.211663
0.0,19,0.211819
0.0,15,0.211946
0.0,17,0.212088
0.0,24,0.212277
0.0,16,0.21241
0.0,19,0.212564
0.0,25,0.212759
0.0,16,0.212893
0.0,30,0.213121
0.0,12,0.213226
0.0,19,0.213382
1.0,40,0.21368
0.0,35,0.213943
0.0,45,0.214275
0.0,13,0.214388
1.0,23,0.214572
0.0,19,0.214728
1.0,38,0.215014
0.0,68,0.215506
0.0,5,0.215576
0.0,6,0.215643
0.0,17,0.215784
0.0,42,0.216108
0.0,33,0.216362
0.0,18,0.21651
0.0,41,0.216813
0.0,9,0.216898
0.0,29,0.217118
0.0,38,0.217417
0.0,16,0.217553
0.0,14,0.217674
0.0,62,0.218121
0.0,63,0.218586
0.0,45,0.218919
0.0,52,0.219299
0.0,8,0.219377
0.0,22,0.219552
1.0,50,0.219919
1.0,50,0.220284
0.0,23,0.220465
0.0,34,0.220721
0.0,92,0.221378
0.0,8,0.221457
0.0,12,0.221563
0.0,44,0.221889
0.0,44,0.222213
0.0,32,0.222467
0.0,23,0.222656
0.0,41,0.222978
0.0,21,0.223148
1.0,38,0.223435
0.0,23,0.22362
0.0,5,0.223678
0.0,33,0.223928
1.0,35,0.224193
0.0,44,0.224518
1.0,48,0.224867
0.0,11,0.224965
0.0,44,0.225287
0.0,35,0.225553
0.0,15,0.225681
0.0,48,0.226036
0.0,52,0.226416
0.0,34,0.226677
1.0,47,0.227024
0.0,44,0.227356
0.0,44,0.227681
0.0,20,0.227845
0.0,30,0.228074
0.0,19,0.22823
0.0,25,0.228424
0.0,18,0.228573
0.0,29,0.228793
1.0,48,0.229161
0.0,38,0.229449
0.0,36,0.229741
0.0,63,0.230202
0.0,31,0.230442
0.0,74,0.230982
0.0,14,0.231104
0.0,16,0.231238
0.0,40,0.231535
0.0,46,0.231873
0.0,36,0.232144
0.0,51,0.232517
0.0,66,0.232996
0.0,44,0.233322
0.0,23,0.233503
0.0,35,0.233767
0.0,37,0.234048
0.0,28,0.234266
0.0,47,0.234619
0.0,18,0.234769
0.0,28,0.234985
0.0,43,0.235306
0.0,7,0.235377
0.0,38,0.235662
0.0,53,0.236052
0.0,55,0.236472
0.0,13,0.236588
0.0,35,0.236871
1.0,86,0.237499
0.0,36,0.237777
0.0,11,0.237877
0.0,20,0.238038
0.0,45,0.238374
0.0,13,0.238487
0.0,38,0.23878
0.0,16,0.238916
0.0,40,0.239215
0.0,35,0.239481
0.0,39,0.239774
0.0,50,0.240143
0.0,71,0.240657
0.0,59,0.241086
0.0,73,0.241613
0.0,65,0.242085
0.0,10,0.242178
0.0,63,0.242641
0.0,97,0.243333
0.0,24,0.243522
0.0,20,0.2437
0.0,26,0.243907
0.0,5,0.243965
0.0,41,0.244287
0.0,35,0.244553
0.0,35,0.24482
0.0,47,0.245166
0.0,16,0.2453
0.0,36,0.24557
0.0,64,0.246032
1.0,33,0.246283
0.0,24,0.246473
0.0,26,0.246683
0.0,58,0.247112
0.0,16,0.247248
0.0,32,0.247492
0.0,45,0.247825
0.0,13,0.247939
0.0,31,0.248177
1.0,35,0.24844
0.0,6,0.248505
0.0,18,0.248652
0.0,13,0.248763
0.0,23,0.248944
0.0,13,0.249057
0.0,17,0.249197
0.0,57,0.249604
0.0,27,0.249828
0.0,7,0.2499
0.0,95,0.250592
0.0,8,0.250674
0.0,7,0.250746
0.0,27,0.250954
0.0,58,0.251377
0.0,38,0.251663
0.0,8,0.251741
0.0,36,0.25201
0.0,47,0.25236
0.0,6,0.252424
0.0,68,0.252908
0.0,22,0.253082
0.0,33,0.253331
0.0,15,0.253457
0.0,30,0.253682
0.0,16,0.253815
1.0,37,0.25409
0.0,8,0.254167
0.0,31,0.254402
0.0,37,0.254688
0.0,12,0.254796
0.0,39,0.255087
0.0,50,0.255452
1.0,27,0.255659
0.0,59,0.256089
0.0,25,0.256285
0.0,18,0.256431
0.0,29,0.256669
0.0,32,0.256913
0.0,5,0.256971
0.0,36,0.257256
0.0,31,0.257494
0.0,28,0.257711
0.0,63,0.258166
0.0,13,0.258279
0.0,31,0.258513
0.0,48,0.25887
0.0,40,0.259169
0.0,11,0.259269
0.0,58,0.259693
0.0,66,0.260168
0.0,52,0.260545
0.0,12,0.26065
0.0,15,0.260776
0.0,13,0.260887
0.0,9,0.260972
0.0,26,0.261172
0.0,37,0.261453
0.0,58,0.261877
0.0,39,0.262168
0.0,37,0.262447
0.0,53,0.26284
0.0,14,0.26296
0.0,13,0.263072
0.0,15,0.263198
0.0,13,0.263312
0.0,47,0.263676
0.0,21,0.263845
0.0,16,0.263983
0.0,144,0.265019
0.0,44,0.265348
0.0,55,0.265755
0.0,15,0.265883
0.0,11,0.265983
0.0,36,0.266255
0.0,5,0.266312
0.0,40,0.266618
0.0,53,0.267005
0.0,42,0.267321
0.0,5,0.267382
1.0,54,0.267778
0.0,59,0.268212
0.0,64,0.268677
0.0,12,0.268784
0.0,15,0.268911
0.0,60,0.269343
0.0,36,0.269616
0.0,32,0.269863
0.0,10,0.269954
0.0,25,0.270165
0.0,6,0.27023
0.0,9,0.270316
0.0,34,0.270587
0.0,32,0.270841
0.0,14,0.270962
0.0,15,0.271088
0.0,65,0.271557
0.0,43,0.271879
0.0,17,0.27202
0.0,48,0.272376
0.0,96,0.273066
0.0,19,0.273221
0.0,54,0.273615
0.0,35,0.273879
0.0,31,0.274118
0.0,32,0.274359
0.0,15,0.274486
0.0,9,0.27458
0.0,32,0.274829
0.0,73,0.275363
0.0,39,0.275656
0.0,17,0.275797
0.0,44,0.276228
0.0,14,0.276357
0.0,53,0.276793
0.0,55,0.277304
0.0,39,0.277625
0.0,27,0.277834
0.0,21,0.278001
0.0,17,0.278162
0.0,12,0.278272
0.0,11,0.278371
1.0,26,0.278579
0.0,22,0.278756
0.0,35,0.279016
0.0,33,0.279264
0.0,13,0.279377
0.0,34,0.279634
0.0,46,0.279969
0.0,11,0.280068
0.0,30,0.280296
0.0,20,0.280455
0.0,40,0.280758
0.0,61,0.281199
0.0,15,0.281327
0.0,25,0.281523
0.0,17,0.281663
1.0,56,0.282067
0.0,32,0.282308
0.0,28,0.282523
0.0,36,0.282796
1.0,25,0.282992
0.0,7,0.283065
0.0,6,0.283128
1.0,86,0.283739
1.0,47,0.284084
1.0,27,0.284306
1.0,39,0.284599
0.0,28,0.284835
0.0,94,0.285506
0.0,26,0.285709
0.0,43,0.286026
1.0,49,0.286384
0.0,18,0.286532
0.0,49,0.2869
0.0,44,0.287225
0.0,27,0.287435
0.0,42,0.287759
0.0,5,0.287819
0.0,29,0.288041
0.0,53,0.288426
0.0,29,0.288649
0.0,35,0.288912
0.0,10,0.289007
0.0,21,0.289173
0.0,11,0.28927
0.0,51,0.289641
1.0,56,0.290048
1.0,96,0.290731
0.0,73,0.291267
0.0,82,0.291872
0.0,28,0.292089
0.0,53,0.292475
1.0,33,0.292722
0.0,30,0.292949
0.0,27,0.293156
0.0,8,0.293233
0.0,7,0.293304
0.0,8,0.293381
0.0,18,0.293527
0.0,45,0.293859
1.0,48,0.294208
0.0,37,0.29451
0.0,34,0.294773
0.0,57,0.295188
0.0,28,0.295404
0.0,22,0.295577
0.0,36,0.295848
0.0,36,0.296114
0.0,20,0.296276
0.0,5,0.296333
0.0,25,0.296529
0.0,22,0.296703
0.0,17,0.296843
0.0,39,0.297132
0.0,41,0.297436
0.0,49,0.29781
1.0,76,0.29838
0.0,40,0.298686
1.0,49,0.299047
0.0,17,0.299189
0.0,36,0.299458
0.0,20,0.299619
0.0,35,0.299881
0.0,7,0.299953
1.0,68,0.300447
0.0,47,0.300791
0.0,15,0.300919
0.0,17,0.301059
0.0,10,0.301151
0.0,31,0.301387
0.0,57,0.301807
0.0,30,0.302034
0.0,9,0.302119
1.0,59,0.302543
0.0,34,0.302806
0.0,41,0.303111
0.0,14,0.303231
0.0,27,0.303437
0.0,11,0.303535
1.0,50,0.303902
0.0,8,0.30398
0.0,19,0.304134
1.0,34,0.304404
0.0,56,0.304823
0.0,11,0.304928
0.0,27,0.305136
1.0,80,0.305706
0.0,30,0.305935
0.0,19,0.306091
0.0,25,0.306285
0.0,38,0.30657
1.0,42,0.306883
0.0,43,0.3072
0.0,37,0.307475
0.0,17,0.307614
0.0,19,0.307767
0.0,29,0.307989
0.0,14,0.308108
0.0,13,0.30822
0.0,63,0.308675
1.0,33,0.308922
1.0,31,0.309155
0.0,45,0.309487
0.0,40,0.309784
0.0,37,0.310059
0.0,54,0.310452
0.0,97,0.311152
0.0,30,0.311383
0.0,13,0.311496
0.0,46,0.311848
1.0,50,0.312214
0.0,35,0.312492
0.0,9,0.312579
1.0,63,0.313032
0.0,23,0.313215
0.0,16,0.313346
0.0,56,0.31375
0.0,45,0.314083
0.0,61,0.314529
0.0,7,0.314605
0.0,22,0.31478
0.0,17,0.314918
0.0,17,0.315058
0.0,6,0.315122
0.0,56,0.315529
0.0,50,0.315893
0.0,25,0.316087
0.0,57,0.316499
0.0,10,0.316591
0.0,8,0.316668
0.0,38,0.316953
0.0,21,0.317119
0.0,7,0.31719
0.0,22,0.317365
0.0,39,0.317652
1.0,54,0.318044
0.0,39,0.318331
0.0,31,0.318584
0.0,23,0.318769
0.0,48,0.319136
0.0,6,0.319204
0.0,21,0.31938
0.0,10,0.319471
0.0,19,0.319625
0.0,51,0.319996
0.0,22,0.32017
0.0,32,0.320414
1.0,97,0.321098
0.0,24,0.321285
0.0,27,0.321495
0.0,52,0.321878
0.0,21,0.322046
0.0,31,0.322282
0.0,70,0.322785
1.0,24,0.322972
1.0,75,0.32351
0.0,91,0.324156
0.0,7,0.324227
0.0,26,0.324431
0.0,16,0.324564
0.0,20,0.324723
0.0,8,0.324801
0.0,50,0.325183
0.0,59,0.325624
0.0,42,0.325938
0.0,94,0.326615
0.0,47,0.32696
0.0,37,0.327235
0.0,48,0.327589
0.0,23,0.327771
0.0,37,0.328053
0.0,16,0.328187
0.0,44,0.328512
0.0,40,0.328814
0.0,8,0.328892
0.0,10,0.328984
0.0,39,0.329277
0.0,7,0.329348
0.0,60,0.329783
0.0,7,0.329855
0.0,66,0.330333
0.0,47,0.330686
0.0,83,0.331284
0.0,48,0.331637
0.0,19,0.33179
0.0,58,0.332228
0.0,48,0.332598
0.0,51,0.332975
0.0,11,0.333074
0.0,7,0.333146
0.0,42,0.33346
1.0,28,0.333676
0.0,10,0.333769
0.0,120,0.33463
0.0,42,0.334943
1.0,40,0.335242
0.0,38,0.335524
0.0,59,0.335952
0.0,94,0.336621
1.0,39,0.336915
0.0,22,0.337091
0.0,79,0.337658
0.0,32,0.3379
0.0,41,0.338206
0.0,23,0.338387
0.0,13,0.338499
0.0,24,0.338711
0.0,16,0.338847
0.0,12,0.338953
0.0,19,0.339121
0.0,15,0.339252
0.0,24,0.339439
0.0,18,0.339587
0.0,35,0.339849
0.0,41,0.340153
0.0,64,0.340618
0.0,23,0.340797
0.0,22,0.340971
0.0,20,0.341132
0.0,16,0.341264
0.0,43,0.341585
0.0,11,0.341684
0.0,16,0.341816
0.0,13,0.341929
0.0,33,0.342177
0.0,10,0.342269
0.0,28,0.342486
0.0,16,0.342622
0.0,34,0.342881
1.0,40,0.343179
0.0,18,0.343327
0.0,45,0.343657
0.0,16,0.343788
0.0,16,0.343921
0.0,49,0.344284
0.0,38,0.344566
0.0,75,0.345105
0.0,48,0.345459
0.0,49,0.345816
0.0,47,0.346175
0.0,36,0.346461
0.0,8,0.346542
0.0,16,0.346681
0.0,25,0.346879
1.0,40,0.347177
0.0,9,0.347263
0.0,30,0.347494
0.0,78,0.348059
0.0,19,0.348214
0.0,30,0.348443
0.0,83,0.349038
0.0,66,0.34951
0.0,21,0.349677
0.0,66,0.350151
0.0,52,0.350527
0.0,9,0.350617
0.0,16,0.35075
0.0,5,0.350808
0.0,84,0.351404
0.0,55,0.351801
0.0,15,0.351928
0.0,11,0.352027
0.0,92,0.352682
0.0,20,0.352843
1.0,30,0.353087
0.0,14,0.353207
0.0,46,0.353548
0.0,94,0.35424
0.0,10,0.354335
0.0,18,0.354484
0.0,36,0.354759
0.0,6,0.354825
0.0,13,0.354939
0.0,38,0.355224
0.0,13,0.35534
0.0,42,0.355655
0.0,42,0.355966
0.0,107,0.356719
0.0,22,0.356893
0.0,8,0.356971
1.0,36,0.35724
0.0,16,0.357373
0.0,5,0.35743
0.0,7,0.357501
0.0,58,0.357922
0.0,26,0.358125
0.0,9,0.35821
0.0,31,0.358447
0.0,44,0.358778
0.0,20,0.358942
0.0,34,0.359199
0.0,79,0.359786
0.0,13,0.359907
0.0,34,0.360167
0.0,80,0.360736
0.0,13,0.36085
0.0,52,0.361226
0.0,17,0.361364
0.0,12,0.361469
0.0,16,0.361602
0.0,9,0.361686
0.0,29,0.361907
0.0,25,0.362103
0.0,14,0.362223
0.0,14,0.362341
0.0,86,0.362961
0.0,49,0.36332
0.0,11,0.363418
0.0,68,0.363906
0.0,18,0.364055
0.0,34,0.364309
0.0,32,0.364551
0.0,32,0.364793
0.0,7,0.364864
0.0,11,0.364961
1.0,27,0.365167
0.0,8,0.365245
0.0,104,0.365983
0.0,63,0.366466
0.0,47,0.366832
0.0,49,0.367197
0.0,55,0.367593
0.0,59,0.368018
0.0,51,0.368391
0.0,40,0.368689
0.0,20,0.36885
0.0,10,0.368942
1.0,40,0.369238
0.0,23,0.369419
0.0,40,0.369715
0.0,5,0.369773
0.0,11,0.369871
0.0,56,0.370275
0.0,37,0.370553
0.0,8,0.370636
0.0,11,0.370736
0.0,59,0.371164
0.0,10,0.371255
0.0,28,0.371473
0.0,40,0.371773
0.0,90,0.372427
0.0,15,0.372554
0.0,27,0.372769
0.0,32,0.37303
1.0,34,0.37329
0.0,14,0.373412
0.0,17,0.373568
1.0,36,0.373842
1.0,36,0.374116
0.0,31,0.374358
0.0,37,0.374642
0.0,16,0.374777
0.0,48,0.375133
0.0,31,0.37537
0.0,40,0.37567
0.0,27,0.375878
1.0,60,0.376417
0.0,15,0.376555
0.0,9,0.376646
1.0,65,0.377119
0.0,49,0.377481
0.0,30,0.377709
0.0,9,0.377796
0.0,67,0.378282
0.0,46,0.378628
0.0,30,0.378859
0.0,21,0.379025
0.0,17,0.379167
0.0,71,0.379698
1.0,60,0.380153
0.0,21,0.380323
0.0,43,0.380642
0.0,9,0.380727
1.0,30,0.380955
0.0,18,0.381104
1.0,31,0.381341
0.0,10,0.381433
0.0,25,0.381629
0.0,105,0.382374
0.0,5,0.382432
0.0,68,0.382934
0.0,19,0.383092
0.0,5,0.38315
0.0,23,0.383331
0.0,51,0.383704
0.0,23,0.383886
0.0,13,0.383997
0.0,40,0.384295
1.0,61,0.384735
0.0,67,0.385218
0.0,61,0.385667
0.0,73,0.386193
0.0,10,0.386285
0.0,44,0.386615
0.0,45,0.386948
0.0,23,0.38713
0.0,70,0.387649
0.0,38,0.387964
0.0,41,0.38828
0.0,52,0.388664
0.0,37,0.388946
0.0,45,0.389283
0.0,21,0.389453
0.0,6,0.389519
0.0,72,0.390044
0.0,5,0.390102
0.0,10,0.390194
0.0,43,0.390513
0.0,7,0.390589
1.0,33,0.390839
0.0,5,0.390896
0.0,19,0.391051
0.0,19,0.391206
0.0,12,0.391313
0.0,49,0.391673
0.0,14,0.391792
0.0,12,0.391897
0.0,65,0.392366
0.0,37,0.39264
0.0,9,0.392725
0.0,22,0.3929
1.0,34,0.393157
0.0,17,0.393297
0.0,25,0.393493
0.0,74,0.394036
0.0,18,0.394185
0.0,13,0.394299
0.0,33,0.394561
0.0,10,0.39466
0.0,26,0.394865
0.0,26,0.395068
0.0,17,0.39521
0.0,32,0.395453
1.0,30,0.395682
0.0,21,0.395848
0.0,11,0.395947
0.0,17,0.396088
1.0,66,0.396566
0.0,18,0.396714
0.0,36,0.396984
0.0,28,0.397199
0.0,27,0.397409
1.0,25,0.397609
0.0,8,0.397687
0.0,37,0.397963
0.0,65,0.398435
0.0,15,0.398562
0.0,14,0.398685
0.0,36,0.398952
0.0,31,0.399187
0.0,11,0.399295
0.0,39,0.39959
0.0,10,0.399682
0.0,62,0.400135
0.0,36,0.400419
0.0,11,0.400519
0.0,36,0.400788
0.0,42,0.401117
0.0,52,0.401503
0.0,44,0.401829
1.0,28,0.402045
0.0,46,0.402383
0.0,9,0.402468
0.0,53,0.402856
0.0,30,0.403086
0.0,30,0.403314
0.0,38,0.403599
0.0,31,0.403836
0.0,44,0.404159
0.0,14,0.404279
0.0,57,0.404697
0.0,68,0.405183
0.0,64,0.405641
0.0,20,0.405801
0.0,29,0.406023
0.0,65,0.406496
0.0,29,0.40672
0.0,8,0.406799
0.0,29,0.407027
0.0,10,0.407118
1.0,47,0.407477
0.0,9,0.407564
0.0,35,0.407847
0.0,17,0.407991
0.0,34,0.408247
0.0,36,0.408518
0.0,62,0.408967
0.0,9,0.409054
0.0,11,0.409154
0.0,5,0.409211
0.0,15,0.409339
0.0,18,0.409484
0.0,12,0.409589
0.0,9,0.409674
0.0,27,0.409884
0.0,37,0.410162
0.0,92,0.410816
1.0,48,0.411172
1.0,40,0.411469
0.0,43,0.411787
0.0,27,0.411998
0.0,46,0.412337
0.0,13,0.41245
0.0,60,0.412884
0.0,31,0.413119
0.0,33,0.413368
0.0,14,0.413487
0.0,6,0.413551
0.0,8,0.413629
0.0,63,0.414094
0.0,18,0.414243
0.0,38,0.414542
0.0,46,0.414889
0.0,10,0.414984
0.0,41,0.41529
0.0,20,0.415449
0.0,16,0.415582
0.0,35,0.415848
1.0,70,0.416354
0.0,28,0.416568
0.0,13,0.416681
0.0,40,0.416981
0.0,51,0.417353
0.0,11,0.417452
0.0,15,0.417578
0.0,9,0.417663
0.0,33,0.417913
0.0,35,0.418175
0.0,7,0.418246
0.0,25,0.418439
0.0,62,0.418892
0.0,38,0.419176
0.0,11,0.419276
0.0,60,0.419712
0.0,59,0.420141
0.0,23,0.420322
0.0,64,0.42078
0.0,26,0.420979
0.0,58,0.421396
0.0,6,0.42146
0.0,25,0.421672
0.0,18,0.42182
0.0,18,0.421968
1.0,45,0.422315
0.0,17,0.422458
0.0,55,0.422864
0.0,20,0.423029
0.0,49,0.423395
0.0,10,0.423488
0.0,18,0.423636
0.0,6,0.423701
0.0,10,0.423793
0.0,13,0.423908
0.0,13,0.42402
0.0,24,0.424209
0.0,26,0.42441
1.0,32,0.424651
1.0,36,0.424922
0.0,30,0.425155
0.0,27,0.425361
0.0,23,0.425543
0.0,11,0.425642
0.0,36,0.425912
0.0,32,0.426156
0.0,57,0.426576
0.0,52,0.426955
0.0,18,0.427103
0.0,13,0.427217
0.0,43,0.427532
0.0,47,0.427877
0.0,20,0.428039
0.0,10,0.428144
1.0,82,0.428747
0.0,15,0.428876
0.0,69,0.429376
0.0,8,0.429454
0.0,11,0.429553
0.0,16,0.429686
1.0,48,0.430037
0.0,62,0.430489
0.0,34,0.43075
1.0,68,0.43124
0.0,43,0.431555
1.0,67,0.432035
0.0,49,0.432393
0.0,25,0.432587
0.0,27,0.432794
0.0,54,0.433188
0.0,31,0.433422
1.0,65,0.433891
0.0,17,0.434031
0.0,47,0.434373
0.0,55,0.434794
0.0,13,0.434911
0.0,27,0.435135
0.0,30,0.435367
0.0,35,0.435634
0.0,63,0.436094
1.0,19,0.436248
0.0,8,0.436326
0.0,17,0.436466
0.0,10,0.436558
0.0,57,0.436972
0.0,17,0.437112
0.0,32,0.437356
0.0,31,0.437593
0.0,19,0.437749
0.0,65,0.438218
0.0,18,0.438368
0.0,22,0.438544
1.0,23,0.438733
0.0,16,0.438869
0.0,56,0.439275
0.0,69,0.439778
0.0,30,0.440012
0.0,38,0.440295
0.0,13,0.440407
0.0,48,0.440758
0.0,31,0.440994
1.0,46,0.441331
0.0,28,0.441563
1.0,48,0.441918
0.0,91,0.442582
0.0,42,0.442898
0.0,32,0.443145
0.0,10,0.443237
0.0,51,0.443609
0.0,29,0.443833
0.0,30,0.444062
0.0,58,0.444497
0.0,47,0.444847
0.0,29,0.445075
0.0,52,0.445458
0.0,32,0.445703
1.0,24,0.44589
0.0,14,0.446012
0.0,12,0.446119
0.0,6,0.446183
0.0,16,0.446317
0.0,40,0.446623
0.0,36,0.446894
0.0,5,0.446953
0.0,14,0.447072
0.0,28,0.447288
1.0,60,0.447722
0.0,15,0.447847
0.0,56,0.448268
0.0,8,0.448347
0.0,34,0.448601
0.0,48,0.44897
0.0,45,0.449309
0.0,40,0.44961
0.0,12,0.449718
0.0,49,0.450076
0.0,14,0.450196
0.0,16,0.450328
0.0,35,0.450598
0.0,73,0.451123
0.0,57,0.451541
0.0,34,0.451799
0.0,40,0.452098
0.0,44,0.452426
0.0,13,0.452538
0.0,33,0.452791
0.0,49,0.453155
0.0,12,0.45326
0.0,19,0.453413
0.0,48,0.453767
0.0,14,0.453886
0.0,26,0.454087
0.0,12,0.454192
0.0,71,0.454708
0.0,8,0.454788
0.0,23,0.454984
0.0,13,0.455098
0.0,5,0.455155
0.0,29,0.455379
0.0,21,0.455559
0.0,23,0.455743
0.0,25,0.455937
0.0,22,0.45611
0.0,5,0.456167
1.0,77,0.456721
0.0,5,0.45678
0.0,18,0.456926
1.0,197,0.458292
0.0,36,0.458562
0.0,24,0.458756
0.0,14,0.458875
1.0,47,0.459218
1.0,30,0.459447
1.0,22,0.45962
0.0,9,0.459705
0.0,41,0.460009
0.0,18,0.460158
0.0,39,0.460446
0.0,38,0.460724
0.0,53,0.461111
0.0,53,0.461496
0.0,26,0.461694
1.0,53,0.462077
0.0,15,0.462203
0.0,9,0.462287
0.0,17,0.462425
0.0,8,0.462503
0.0,65,0.462985
0.0,63,0.463456
0.0,43,0.46377
0.0,7,0.46384
0.0,29,0.464062
0.0,40,0.464356
0.0,30,0.464583
0.0,35,0.464843
0.0,34,0.465098
0.0,56,0.465506
0.0,37,0.46578
0.0,19,0.465933
1.0,34,0.466187
0.0,57,0.466599
0.0,10,0.466691
0.0,35,0.466953
0.0,13,0.467071
0.0,23,0.46725
0.0,11,0.467349
0.0,26,0.46755
0.0,11,0.467649
0.0,6,0.467714
0.0,69,0.468205
0.0,26,0.468406
0.0,16,0.468539
0.0,7,0.468609
0.0,38,0.468908
0.0,25,0.469111
0.0,40,0.469426
0.0,33,0.46968
0.0,5,0.469738
0.0,50,0.470109
1.0,33,0.470385
0.0,65,0.470859
0.0,55,0.471265
0.0,7,0.471337
0.0,6,0.471401
0.0,25,0.471595
0.0,34,0.471853
0.0,47,0.472199
0.0,10,0.47229
0.0,23,0.472473
0.0,115,0.473285
0.0,13,0.473399
0.0,8,0.473476
0.0,23,0.473657
0.0,37,0.473936
0.0,57,0.474358
0.0,36,0.474638
0.0,94,0.475308
0.0,5,0.475366
0.0,39,0.475671
0.0,42,0.475982
1.0,73,0.476559
0.0,6,0.476689
0.0,31,0.476935
0.0,14,0.477056
0.0,38,0.477342
0.0,31,0.477575
0.0,36,0.477842
1.0,50,0.478209
1.0,36,0.478478
0.0,9,0.478569
0.0,46,0.478917
0.0,26,0.479118
0.0,51,0.479486
0.0,51,0.479856
0.0,70,0.480385
0.0,28,0.480597
0.0,54,0.480989
1.0,48,0.481338
0.0,12,0.481444
0.0,30,0.481674
1.0,36,0.481946
0.0,11,0.482045
0.0,12,0.48215
0.0,35,0.482409
0.0,73,0.482959
1.0,42,0.483291
0.0,8,0.483373
1.0,38,0.483657
0.0,61,0.484099
0.0,18,0.484246
0.0,6,0.48431
0.0,27,0.484516
0.0,34,0.484771
0.0,26,0.484971
0.0,16,0.485103
0.0,37,0.485379
0.0,61,0.485816
0.0,23,0.485997
0.0,18,0.486143
0.0,20,0.486301
0.0,20,0.486462
0.0,15,0.486598
1.0,26,0.4868
0.0,21,0.486969
0.0,94,0.487632
0.0,28,0.487862
0.0,54,0.488258
0.0,17,0.488399
0.0,37,0.488678
0.0,6,0.488743
0.0,17,0.488883
0.0,8,0.488961
0.0,15,0.489086
0.0,53,0.489482
0.0,62,0.489945
0.0,37,0.490221
0.0,31,0.490454
0.0,43,0.490781
0.0,6,0.490847
1.0,32,0.491089
0.0,60,0.491522
0.0,31,0.491755
0.0,27,0.491962
0.0,85,0.492566
0.0,28,0.492781
0.0,35,0.493042
0.0,17,0.493182
0.0,36,0.493451
0.0,67,0.493929
0.0,44,0.494252
0.0,6,0.494317
0.0,39,0.494611
0.0,40,0.494905
0.0,9,0.49499
0.0,22,0.495166
0.0,18,0.495311
0.0,52,0.495691
1.0,56,0.496098
0.0,27,0.496306
0.0,16,0.496454
0.0,10,0.496606
0.0,17,0.496789
0.0,11,0.496922
0.0,33,0.497312
0.0,16,0.497599
1.0,26,0.497953
0.0,23,0.498209
0.0,18,0.498371
0.0,43,0.498708
0.0,49,0.499085
0.0,64,0.499635
0.0,5,0.49971
0.0,43,0.500033
0.0,31,0.50027
0.0,76,0.500816
0.0,60,0.501256
0.0,20,0.501418
0.0,7,0.501489
0.0,58,0.501907
0.0,79,0.50247
0.0,34,0.502733
0.0,31,0.50297
0.0,29,0.503191
0.0,17,0.503334
0.0,37,0.50363
1.0,42,0.503944
0.0,42,0.504275
0.0,51,0.504656
0.0,5,0.504714
0.0,33,0.504968
0.0,44,0.505294
0.0,33,0.505544
0.0,7,0.505615
1.0,31,0.505851
0.0,19,0.506005
0.0,26,0.506209
0.0,28,0.506423
0.0,44,0.506751
0.0,20,0.506915
1.0,38,0.507198
0.0,38,0.507484
0.0,24,0.507674
0.0,9,0.50776
0.0,18,0.507908
1.0,46,0.508277
0.0,19,0.508431
0.0,13,0.508543
0.0,24,0.508729
0.0,11,0.508826
0.0,20,0.508984
1.0,19,0.509136
0.0,33,0.509383
0.0,53,0.50977
1.0,64,0.510248
0.0,70,0.510778
0.0,36,0.511053
0.0,12,0.511159
0.0,21,0.511326
0.0,86,0.511945
0.0,48,0.512303
0.0,9,0.512388
0.0,16,0.512521
0.0,28,0.512735
0.0,70,0.513237
0.0,13,0.513351
0.0,65,0.513819
0.0,9,0.513905
1.0,57,0.514321
0.0,40,0.514622
0.0,5,0.514681
0.0,21,0.51485
0.0,86,0.515466
0.0,52,0.515849
0.0,29,0.516072
1.0,37,0.516352
0.0,30,0.516583
0.0,23,0.51678
0.0,62,0.51723
0.0,92,0.517898
0.0,54,0.518295
0.0,18,0.518441
1.0,36,0.518714
0.0,52,0.519094
0.0,22,0.519269
0.0,9,0.519354
0.0,14,0.519474
0.0,38,0.519756
0.0,49,0.52011
0.0,12,0.520216
0.0,19,0.520369
1.0,49,0.520725
0.0,35,0.520988
0.0,51,0.521357
0.0,73,0.521878
0.0,16,0.522012
0.0,41,0.522314
0.0,86,0.52293
0.0,41,0.523234
0.0,30,0.523479
0.0,49,0.523838
0.0,17,0.523994
0.0,29,0.52423
0.0,10,0.524324
0.0,43,0.52465
0.0,71,0.525175
0.0,25,0.525372
0.0,60,0.52581
0.0,68,0.526305
0.0,22,0.526484
0.0,39,0.526782
0.0,7,0.526855
0.0,25,0.527049
0.0,29,0.52727
0.0,38,0.527553
0.0,30,0.527782
1.0,44,0.528109
1.0,24,0.528298
0.0,5,0.528357
0.0,64,0.528821
0.0,5,0.528878
0.0,15,0.529004
0.0,74,0.529532
0.0,50,0.529902
0.0,22,0.530076
1.0,49,0.530433
0.0,21,0.530606
0.0,37,0.530887
0.0,17,0.531049
0.0,7,0.531122
1.0,24,0.531311
1.0,33,0.531576
1.0,46,0.531915
0.0,15,0.532041
0.0,51,0.532412
0.0,21,0.532579
0.0,40,0.532886
0.0,22,0.533062
0.0,35,0.533326
0.0,14,0.533467
0.0,37,0.533775
0.0,23,0.533982
0.0,37,0.534305
0.0,7,0.534378
0.0,10,0.534471
0.0,13,0.534587
0.0,23,0.534768
0.0,66,0.535239
0.0,45,0.535571
0.0,46,0.535908
0.0,29,0.536128
0.0,5,0.536186
0.0,24,0.536374
0.0,38,0.536657
0.0,13,0.53677
0.0,5,0.536827
0.0,5,0.536884
0.0,12,0.53699
0.0,15,0.537116
0.0,40,0.53741
0.0,59,0.53785
0.0,6,0.537916
0.0,32,0.538161
0.0,43,0.538492
0.0,55,0.538899
0.0,26,0.539101
0.0,24,0.53929
0.0,81,0.539868
0.0,37,0.540144
0.0,33,0.540393
0.0,34,0.540645
0.0,64,0.541108
0.0,36,0.541374
0.0,5,0.541432
1.0,66,0.541902
0.0,7,0.541973
0.0,75,0.542508
0.0,30,0.54274
0.0,12,0.542847
0.0,44,0.543174
0.0,54,0.543566
0.0,50,0.543931
0.0,9,0.544017
0.0,42,0.544342
0.0,11,0.544442
0.0,11,0.544541
0.0,8,0.544619
0.0,85,0.545241
0.0,44,0.545566
0.0,7,0.545637
0.0,40,0.545932
0.0,47,0.546277
0.0,80,0.546852
0.0,57,0.547272
0.0,15,0.547399
0.0,54,0.547789
0.0,25,0.547982
0.0,10,0.548074
0.0,8,0.548152
1.0,35,0.548413
0.0,23,0.548593
0.0,24,0.54878
0.0,55,0.549181
1.0,57,0.549594
0.0,47,0.549938
0.0,32,0.550182
0.0,50,0.550543
1.0,66,0.551039
0.0,15,0.551167
0.0,22,0.551342
0.0,16,0.551489
0.0,18,0.551639
0.0,39,0.551929
0.0,6,0.551994
0.0,31,0.552228
0.0,31,0.552464
0.0,30,0.552691
0.0,54,0.553085
0.0,32,0.553328
0.0,38,0.553614
1.0,46,0.553951
0.0,29,0.554175
0.0,27,0.554383
0.0,46,0.554727
0.0,45,0.555056
0.0,19,0.555208
0.0,18,0.555355
0.0,45,0.555686
0.0,53,0.556071
0.0,46,0.556406
0.0,46,0.556742
0.0,18,0.556889
0.0,51,0.557259
1.0,47,0.557602
0.0,15,0.557727
0.0,51,0.55811
0.0,5,0.558169
0.0,19,0.558332
0.0,15,0.558469
0.0,31,0.55871
0.0,26,0.558915
0.0,7,0.558988
0.0,40,0.559283
0.0,57,0.559699
0.0,39,0.559992
0.0,24,0.56018
0.0,21,0.560366
0.0,54,0.560759
0.0,39,0.561051
0.0,21,0.561218
0.0,52,0.561594
0.0,28,0.561808
0.0,51,0.562181
0.0,63,0.56264
0.0,40,0.562938
0.0,23,0.563118
0.0,24,0.563307
0.0,22,0.563483
0.0,34,0.563738
0.0,20,0.563896
0.0,35,0.56416
0.0,11,0.564257
0.0,22,0.564433
0.0,12,0.564552
0.0,55,0.564954
0.0,79,0.565531
1.0,43,0.565849
0.0,32,0.566091
0.0,27,0.566302
0.0,20,0.566461
1.0,27,0.56667
1.0,86,0.567284
0.0,39,0.567574
0.0,27,0.567781
1.0,63,0.568235
0.0,23,0.568417
0.0,13,0.56853
1.0,36,0.568799
0.0,9,0.568883
0.0,14,0.569003
0.0,45,0.569332
0.0,53,0.569714
0.0,22,0.569886
0.0,21,0.570053
0.0,29,0.570276
0.0,15,0.570401
0.0,15,0.570526
1.0,45,0.57086
0.0,45,0.571189
0.0,55,0.571582
0.0,17,0.571721
0.0,16,0.571853
0.0,42,0.572174
0.0,17,0.572314
0.0,50,0.572692
0.0,23,0.572873
1.0,39,0.573164
1.0,29,0.573384
0.0,7,0.573455
0.0,7,0.573526
1.0,43,0.573843
0.0,17,0.573985
0.0,55,0.574386
0.0,63,0.574846
0.0,43,0.575166
0.0,36,0.575435
0.0,17,0.575574
0.0,7,0.575644
1.0,60,0.576074
0.0,47,0.576416
0.0,38,0.576699
0.0,34,0.576988
1.0,33,0.57725
0.0,27,0.57746
1.0,47,0.577804
0.0,14,0.577924
0.0,27,0.578134
1.0,45,0.578481
0.0,51,0.578884
0.0,88,0.579523
0.0,50,0.579893
0.0,7,0.579965
0.0,28,0.580178
1.0,38,0.580462
0.0,19,0.580616
0.0,45,0.580955
0.0,7,0.581028
0.0,11,0.581127
0.0,70,0.581629
0.0,29,0.581852
0.0,38,0.582135
0.0,14,0.582254
0.0,6,0.582318
0.0,24,0.582506
0.0,19,0.582666
0.0,5,0.582725
0.0,26,0.582927
0.0,41,0.583228
0.0,21,0.583394
1.0,33,0.583645
0.0,13,0.583757
0.0,34,0.584014
0.0,27,0.584223
0.0,44,0.584544
0.0,30,0.58477
0.0,37,0.585043
0.0,41,0.585359
0.0,60,0.585802
0.0,26,0.58601
0.0,42,0.58632
0.0,35,0.586596
0.0,50,0.586962
0.0,27,0.58717
0.0,42,0.587478
0.0,51,0.587868
0.0,50,0.588234
0.0,8,0.588312
0.0,25,0.588506
0.0,31,0.588742
1.0,44,0.589071
0.0,38,0.589355
0.0,71,0.589871
0.0,59,0.590298
0.0,41,0.59061
0.0,30,0.590842
0.0,22,0.591016
0.0,38,0.591311
0.0,5,0.591371
1.0,55,0.59177
1.0,38,0.592067
0.0,51,0.592439
0.0,38,0.592741
0.0,5,0.592811
0.0,6,0.592876
0.0,45,0.593207
0.0,46,0.593548
0.0,18,0.593697
0.0,52,0.594075
0.0,10,0.594168
0.0,41,0.59447
0.0,32,0.594723
0.0,13,0.594838
0.0,52,0.595218
0.0,6,0.595283
1.0,72,0.595797
0.0,37,0.596072
0.0,11,0.596171
0.0,31,0.596407
0.0,13,0.59652
0.0,43,0.596837
0.0,33,0.597085
0.0,36,0.597354
0.0,23,0.597535
0.0,45,0.597866
1.0,58,0.598288
0.0,34,0.598543
0.0,10,0.59864
0.0,22,0.598834
0.0,34,0.599092
0.0,18,0.599256
0.0,33,0.599506
0.0,58,0.599925
0.0,38,0.600207
1.0,36,0.600475
0.0,81,0.601057
0.0,36,0.60133
0.0,9,0.601416
0.0,33,0.601667
0.0,27,0.601875
0.0,43,0.602197
0.0,19,0.602352
0.0,6,0.602416
1.0,25,0.602614
0.0,13,0.602727
0.0,15,0.602853
0.0,21,0.603019
0.0,24,0.603208
0.0,39,0.603498
0.0,13,0.603611
0.0,12,0.603717
0.0,8,0.603795
0.0,24,0.603983
0.0,37,0.604259
0.0,29,0.604481
0.0,13,0.604593
0.0,37,0.604966
0.0,22,0.605288
1.0,44,0.605934
0.0,11,0.606151
0.0,50,0.606882
0.0,15,0.607138
0.0,16,0.607441
0.0,31,0.607921
0.0,7,0.608011
0.0,58,0.608435
0.0,11,0.608537
0.0,10,0.608629
0.0,37,0.608905
0.0,6,0.608969
1.0,41,0.609271
0.0,13,0.609385
0.0,41,0.609684
0.0,30,0.609912
0.0,62,0.610355
0.0,54,0.610754
0.0,21,0.610924
0.0,41,0.611228
0.0,16,0.61136
0.0,39,0.611647
0.0,75,0.612182
0.0,10,0.612273
0.0,54,0.612677
0.0,38,0.612961
0.0,32,0.613216
0.0,54,0.613619
0.0,26,0.613821
0.0,5,0.613878
1.0,41,0.61418
1.0,19,0.614331
0.0,33,0.61458
0.0,81,0.615155
0.0,54,0.615554
0.0,46,0.615895
0.0,38,0.616178
1.0,31,0.61641
0.0,16,0.616544
0.0,36,0.616814
0.0,38,0.617096
0.0,50,0.61749
0.0,39,0.617776
0.0,26,0.617976
0.0,23,0.618156
1.0,26,0.618356
0.0,5,0.618413
0.0,29,0.618634
0.0,5,0.618693
0.0,32,0.618932
0.0,5,0.618989
0.0,8,0.619067
0.0,5,0.619123
0.0,55,0.619536
0.0,26,0.619741
0.0,20,0.619901
1.0,49,0.620266
0.0,11,0.62037
0.0,25,0.620563
0.0,34,0.620821
0.0,11,0.620919
0.0,8,0.620996
1.0,27,0.621203
0.0,13,0.621315
1.0,59,0.621738
0.0,48,0.622097
0.0,33,0.622345
0.0,54,0.622741
0.0,24,0.623065
0.0,85,0.623674
0.0,23,0.623858
0.0,18,0.624004
0.0,37,0.624276
0.0,48,0.624624
0.0,77,0.625174
0.0,5,0.625232
0.0,75,0.625759
0.0,23,0.625939
0.0,19,0.626094
0.0,36,0.626376
0.0,52,0.626767
0.0,19,0.626925
0.0,57,0.627334
0.0,45,0.62767
0.0,44,0.627991
0.0,32,0.62823
1.0,47,0.628572
0.0,106,0.629321
0.0,45,0.629653
0.0,36,0.629922
1.0,63,0.630373
0.0,13,0.630484
0.0,14,0.630608
0.0,30,0.630838
0.0,67,0.631317
1.0,71,0.631824
0.0,8,0.631902
0.0,23,0.632081
0.0,24,0.632266
0.0,68,0.632752
0.0,8,0.63283
0.0,81,0.63343
0.0,6,0.6335
0.0,12,0.633606
0.0,43,0.633927
0.0,27,0.634137
1.0,25,0.634332
0.0,10,0.634424
0.0,71,0.634939
0.0,18,0.635087
0.0,5,0.635144
0.0,37,0.635417
0.0,11,0.635515
0.0,7,0.635586
0.0,22,0.635758
1.0,66,0.636229
1.0,36,0.636494
0.0,31,0.636727
0.0,42,0.637034
0.0,12,0.637139
0.0,16,0.63727
1.0,49,0.637622
0.0,23,0.6378
0.0,19,0.637952
0.0,17,0.63809
0.0,41,0.63839
0.0,48,0.638748
0.0,44,0.639071
0.0,13,0.639215
0.0,5,0.639276
1.0,34,0.639534
0.0,27,0.63974
0.0,11,0.639839
0.0,23,0.640021
0.0,14,0.64014
0.0,40,0.640453
0.0,33,0.640704
0.0,16,0.640837
0.0,84,0.641439
0.0,48,0.641788
0.0,51,0.642158
0.0,56,0.642568
0.0,41,0.642873
0.0,49,0.64323
0.0,35,0.6435
0.0,25,0.643698
0.0,16,0.643832
0.0,19,0.643987
0.0,91,0.644639
0.0,48,0.644992
0.0,7,0.645064
0.0,74,0.645601
0.0,44,0.645927
1.0,64,0.64639
0.0,12,0.646497
0.0,15,0.646628
0.0,11,0.646727
0.0,53,0.64712
0.0,23,0.647325
0.0,57,0.647819
0.0,58,0.6483
0.0,17,0.648447
0.0,66,0.648924
0.0,28,0.649141
0.0,9,0.649227
0.0,31,0.649465
0.0,40,0.649761
0.0,8,0.649839
0.0,27,0.650049
0.0,25,0.650244
0.0,96,0.650932
0.0,49,0.651289
1.0,46,0.651626
0.0,33,0.651875
0.0,41,0.652181
0.0,40,0.652476
0.0,15,0.652602
0.0,47,0.652944
0.0,95,0.653606
0.0,11,0.653718
0.0,14,0.653837
0.0,9,0.653921
0.0,37,0.654205
0.0,20,0.654368
0.0,46,0.654709
0.0,44,0.655032
0.0,56,0.655474
0.0,44,0.655805
0.0,56,0.656214
0.0,90,0.656854
0.0,54,0.657246
0.0,31,0.65748
0.0,47,0.657825
0.0,18,0.657969
0.0,5,0.658026
0.0,16,0.658157
0.0,8,0.658234
0.0,38,0.658518
0.0,21,0.658687
0.0,32,0.658926
0.0,47,0.659269
0.0,42,0.659579
0.0,10,0.659669
0.0,6,0.659733
1.0,29,0.65995
0.0,54,0.660336
0.0,63,0.660808
0.0,39,0.661105
0.0,39,0.661398
0.0,17,0.661537
0.0,34,0.661792
0.0,16,0.661924
0.0,39,0.662209
0.0,36,0.662478
0.0,27,0.66269
1.0,46,0.663027
0.0,14,0.663148
0.0,7,0.663219
0.0,13,0.663331
0.0,26,0.663531
1.0,68,0.664016
0.0,55,0.664407
0.0,35,0.664666
1.0,74,0.665189
0.0,39,0.665478
0.0,31,0.66571
0.0,52,0.666088
0.0,77,0.666637
0.0,34,0.666894
0.0,41,0.667196
0.0,41,0.667512
0.0,22,0.667686
0.0,13,0.667799
0.0,15,0.667933
0.0,23,0.668116
0.0,28,0.668332
0.0,74,0.668862
1.0,25,0.669057
0.0,28,0.669271
1.0,32,0.669511
0.0,19,0.669665
0.0,8,0.669743
0.0,44,0.670068
0.0,57,0.670477
0.0,58,0.670901
0.0,32,0.671144
0.0,35,0.671436
0.0,35,0.671702
0.0,13,0.671816
0.0,33,0.672066
0.0,12,0.672172
0.0,15,0.672299
0.0,24,0.672487
0.0,24,0.672673
0.0,25,0.672866
0.0,12,0.672971
0.0,30,0.673197
0.0,37,0.67347
0.0,12,0.673574
0.0,43,0.673887
1.0,49,0.674255
0.0,39,0.674553
0.0,66,0.675038
0.0,27,0.675248
0.0,38,0.675531
0.0,42,0.675841
1.0,87,0.676458
0.0,15,0.676585
0.0,29,0.676806
0.0,45,0.677153
0.0,24,0.677361
0.0,26,0.677566
1.0,43,0.677887
0.0,30,0.678117
0.0,95,0.678806
0.0,53,0.679199
0.0,25,0.679397
0.0,23,0.679579
0.0,16,0.679714
0.0,24,0.679904
0.0,13,0.680016
0.0,12,0.680122
0.0,44,0.680445
1.0,24,0.680632
0.0,34,0.680888
1.0,87,0.68151
0.0,39,0.681817
0.0,31,0.682055
0.0,17,0.682217
0.0,47,0.68258
0.0,28,0.682797
0.0,49,0.683157
0.0,68,0.683645
0.0,31,0.683882
0.0,47,0.684226
0.0,14,0.684345
0.0,20,0.684505
1.0,20,0.684664
0.0,24,0.684852
0.0,36,0.685121
0.0,9,0.685206
1.0,22,0.685378
0.0,11,0.685478
0.0,14,0.685598
0.0,44,0.685921
0.0,9,0.686005
0.0,15,0.686132
0.0,97,0.686826
0.0,58,0.687252
0.0,7,0.687324
0.0,44,0.687683
0.0,70,0.688218
0.0,8,0.6883
0.0,24,0.688507
0.0,24,0.688696
0.0,15,0.688824
0.0,11,0.688922
0.0,54,0.689318
0.0,60,0.689755
0.0,33,0.690006
0.0,104,0.690753
0.0,42,0.691063
0.0,7,0.691136
0.0,25,0.69133
0.0,24,0.691518
0.0,11,0.691617
0.0,43,0.691932
1.0,62,0.692374
0.0,47,0.692715
0.0,18,0.692862
0.0,10,0.692953
0.0,6,0.693017
0.0,38,0.693301
1.0,27,0.693506
0.0,48,0.693856
0.0,7,0.693928
0.0,42,0.694238
0.0,40,0.694535
0.0,30,0.694784
0.0,8,0.694865
0.0,7,0.694936
0.0,38,0.69522
0.0,17,0.695376
0.0,32,0.695621
0.0,60,0.696052
0.0,32,0.696295
0.0,35,0.696557
0.0,42,0.696867
1.0,48,0.697219
0.0,9,0.697305
0.0,24,0.697494
0.0,18,0.697641
0.0,42,0.697953
0.0,35,0.69822
0.0,14,0.698347
0.0,50,0.698719
1.0,40,0.69902
0.0,38,0.699301
1.0,37,0.699576
0.0,20,0.699735
0.0,6,0.699798
0.0,21,0.699966
0.0,24,0.700151
0.0,32,0.700392
0.0,5,0.70045
1.0,32,0.700691
1.0,31,0.700925
0.0,26,0.701125
0.0,50,0.701487
0.0,22,0.701675
0.0,45,0.702008
1.0,67,0.702501
0.0,10,0.7026
1.0,26,0.702803
0.0,50,0.703166
0.0,6,0.703231
0.0,54,0.703657
0.0,40,0.703957
0.0,57,0.704372
0.0,36,0.70464
0.0,46,0.705002
0.0,25,0.705195
0.0,48,0.705544
0.0,8,0.705624
1.0,65,0.70609
0.0,31,0.706327
1.0,54,0.706725
0.0,8,0.706805
0.0,54,0.707193
0.0,95,0.707867
0.0,14,0.707987
0.0,29,0.708224
0.0,41,0.708527
0.0,17,0.708669
0.0,22,0.708858
0.0,70,0.709362
0.0,6,0.709427
0.0,26,0.70963
1.0,33,0.70988
0.0,79,0.710446
0.0,13,0.710556
0.0,39,0.710851
1.0,57,0.711265
1.0,70,0.711767
0.0,7,0.711838
0.0,15,0.711965
0.0,33,0.712213
0.0,28,0.71243
0.0,18,0.712577
0.0,87,0.713194
0.0,52,0.713569
0.0,37,0.713845
0.0,36,0.714115
1.0,35,0.714376
0.0,29,0.714601
0.0,54,0.71499
0.0,20,0.715152
0.0,10,0.715244
0.0,11,0.715342
0.0,20,0.715502
0.0,31,0.715739
0.0,51,0.716125
0.0,25,0.716334
0.0,30,0.716568
0.0,10,0.71666
0.0,39,0.716949
0.0,45,0.717281
0.0,6,0.717345
0.0,5,0.717402
0.0,40,0.717697
0.0,7,0.717767
1.0,58,0.718185
1.0,32,0.718428
0.0,72,0.718947
0.0,67,0.719427
0.0,16,0.719559
0.0,52,0.719968
0.0,27,0.720181
0.0,6,0.72025
0.0,59,0.720678
0.0,24,0.720867
0.0,76,0.721418
0.0,51,0.721792
0.0,17,0.721933
0.0,23,0.722113
0.0,34,0.722387
0.0,24,0.72258
0.0,39,0.722885
0.0,20,0.72305
0.0,18,0.723197
0.0,31,0.723432
0.0,10,0.723524
0.0,19,0.723677
0.0,7,0.723748
0.0,30,0.723978
0.0,32,0.724221
0.0,39,0.724512
0.0,39,0.7248
1.0,42,0.725107
0.0,38,0.725386
0.0,43,0.725703
0.0,15,0.725829
0.0,12,0.725934
0.0,20,0.726092
0.0,12,0.726197
0.0,13,0.726309
0.0,61,0.726752
0.0,20,0.72691
0.0,41,0.727212
0.0,7,0.727283
0.0,47,0.727626
0.0,66,0.728098
0.0,40,0.728394
0.0,18,0.72854
0.0,36,0.728808
0.0,47,0.729168
0.0,81,0.729765
0.0,39,0.730056
0.0,42,0.730364
0.0,24,0.730554
0.0,30,0.730801
0.0,58,0.731229
0.0,42,0.731539
0.0,62,0.731984
0.0,15,0.732112
0.0,5,0.732169
0.0,36,0.732439
0.0,6,0.732503
0.0,62,0.732955
0.0,16,0.733091
0.0,35,0.733351
0.0,18,0.733498
0.0,12,0.733603
0.0,26,0.733806
0.0,44,0.734132
0.0,45,0.734468
0.0,39,0.734764
0.0,87,0.735384
0.0,9,0.73547
0.0,40,0.735795
0.0,65,0.736286
0.0,36,0.736572
0.0,11,0.736675
0.0,14,0.736794
0.0,36,0.737062
0.0,21,0.73723
0.0,11,0.737329
0.0,86,0.73794
0.0,58,0.738364
1.0,61,0.738813
0.0,8,0.738894
0.0,17,0.739033
1.0,46,0.739371
0.0,21,0.739539
0.0,100,0.740241
0.0,45,0.740572
0.0,42,0.740884
0.0,42,0.741189
0.0,9,0.741274
0.0,59,0.741696
0.0,40,0.74199
0.0,29,0.74221
0.0,39,0.74252
0.0,38,0.742807
0.0,9,0.742893
0.0,67,0.74339
1.0,48,0.743748
0.0,61,0.744185
1.0,45,0.744515
0.0,96,0.745196
0.0,21,0.745365
1.0,52,0.745744
0.0,8,0.745822
0.0,8,0.745899
0.0,11,0.745997
0.0,11,0.746094
0.0,17,0.746232
0.0,81,0.746808
0.0,9,0.746895
0.0,29,0.747116
0.0,21,0.747282
1.0,43,0.747595
0.0,19,0.747748
0.0,34,0.748002
0.0,48,0.748353
0.0,45,0.748682
0.0,43,0.748996
0.0,6,0.74906
0.0,8,0.749137
0.0,49,0.749495
0.0,39,0.749783
0.0,27,0.750005
0.0,23,0.750187
0.0,14,0.750306
0.0,54,0.750713
0.0,12,0.750822
0.0,27,0.75103
0.0,44,0.751355
0.0,36,0.751624
0.0,7,0.751695
0.0,27,0.751934
0.0,12,0.752044
0.0,6,0.752109
0.0,35,0.752369
0.0,14,0.752487
0.0,54,0.752878
0.0,10,0.75297
0.0,56,0.753377
0.0,36,0.753646
0.0,25,0.753838
0.0,7,0.75391
1.0,27,0.754115
0.0,10,0.754206
0.0,117,0.755032
0.0,80,0.755599
0.0,25,0.755791
0.0,63,0.756245
0.0,40,0.75654
0.0,59,0.756967
0.0,7,0.757046
0.0,23,0.757236
0.0,15,0.757363
0.0,41,0.757682
0.0,38,0.757966
0.0,31,0.758199
0.0,60,0.758637
0.0,43,0.758958
0.0,20,0.759118
0.0,7,0.75919
0.0,23,0.759371
0.0,17,0.75951
0.0,50,0.759873
1.0,35,0.760135
0.0,26,0.760338
0.0,9,0.760423
0.0,80,0.760996
0.0,49,0.761359
0.0,27,0.761568
0.0,15,0.761715
0.0,19,0.761878
0.0,57,0.762367
0.0,15,0.762523
0.0,38,0.762825
0.0,31,0.763065
0.0,9,0.76315
0.0,9,0.763237
0.0,46,0.763592
0.0,33,0.76386
0.0,29,0.764085
0.0,7,0.764157
1.0,43,0.764475
0.0,56,0.764882
0.0,51,0.765254
0.0,41,0.76556
0.0,7,0.765631
0.0,19,0.765784
0.0,44,0.766106
0.0,37,0.76638
0.0,39,0.766677
0.0,25,0.766871
0.0,7,0.766941
0.0,6,0.767005
0.0,12,0.767111
0.0,41,0.767414
0.0,89,0.768075
0.0,28,0.768296
0.0,35,0.768563
0.0,18,0.768707
1.0,33,0.768956
1.0,22,0.76913
1.0,50,0.769497
0.0,18,0.769643
0.0,24,0.769829
0.0,55,0.770241
0.0,16,0.770377
0.0,38,0.77068
0.0,31,0.77092
0.0,19,0.771075
0.0,31,0.77131
0.0,24,0.771498
0.0,72,0.772017
0.0,9,0.772104
0.0,37,0.772384
0.0,25,0.772577
0.0,72,0.773091
0.0,12,0.773197
0.0,9,0.773282
0.0,19,0.773434
0.0,11,0.773532
0.0,63,0.773981
0.0,46,0.774319
0.0,44,0.774649
0.0,32,0.774895
0.0,52,0.775271
0.0,49,0.77563
0.0,25,0.775823
0.0,7,0.775894
0.0,5,0.775951
0.0,41,0.776252
0.0,14,0.776371
0.0,15,0.776496
0.0,11,0.776593
0.0,42,0.776901
1.0,53,0.777298
1.0,28,0.77753
0.0,27,0.777762
0.0,40,0.778059
1.0,75,0.778596
0.0,44,0.778921
0.0,14,0.77904
0.0,55,0.779445
0.0,9,0.77953
0.0,10,0.779621
0.0,24,0.779808
0.0,13,0.779921
0.0,52,0.780298
0.0,45,0.780632
0.0,12,0.780743
0.0,30,0.78097
0.0,35,0.781237
0.0,15,0.781363
0.0,45,0.781698
0.0,12,0.781804
0.0,7,0.781876
0.0,8,0.781953
0.0,35,0.782215
0.0,44,0.782539
0.0,105,0.783297
0.0,29,0.78352
0.0,40,0.783832
0.0,8,0.783914
0.0,11,0.784032
0.0,54,0.784467
1.0,31,0.784709
0.0,30,0.784939
0.0,28,0.785157
0.0,9,0.785243
0.0,9,0.785329
0.0,11,0.785428
0.0,19,0.785583
0.0,9,0.785668
0.0,25,0.785867
0.0,79,0.786435
0.0,21,0.786616
0.0,61,0.787065
0.0,26,0.787268
0.0,53,0.787657
0.0,43,0.787989
1.0,45,0.788326
0.0,30,0.788552
0.0,40,0.788852
0.0,36,0.789124
0.0,22,0.789304
1.0,52,0.789691
0.0,57,0.790107
0.0,12,0.790215
0.0,7,0.790287
0.0,10,0.790378
0.0,9,0.790463
0.0,5,0.79052
1.0,60,0.790964
1.0,35,0.791245
0.0,5,0.791305
0.0,44,0.791644
1.0,49,0.792011
0.0,19,0.792166
0.0,21,0.792336
1.0,21,0.792502
0.0,13,0.792615
0.0,93,0.793274
0.0,21,0.793444
0.0,45,0.793777
1.0,62,0.794221
0.0,105,0.794973
0.0,51,0.795351
1.0,69,0.795846
